date,ghi,temperature,cloud_cover,effective_ghi,capacity_factor,generation_mwh,ppa_price,spot_price,rec_price,curtailment_fraction,available_mwh,daily_revenue_usd,is_drift_period
2022-01-01,87.56,4.05,0.5704,52.6,0.0526,10.79,45.13,44.75,9.44,0.0163,10.61,577.88,0
2022-01-02,50.77,-0.6,0.4839,33.57,0.0336,17.51,44.86,47.84,7.84,0.0621,16.43,880.34,0
2022-01-03,99.34,4.99,0.5922,58.16,0.0582,14.78,44.52,31.35,9.85,0.0307,14.33,722.3,0
2022-01-04,153.37,-3.4,0.6762,80.77,0.0808,22.22,44.17,34.0,7.99,0.0316,21.52,1056.9,0
2022-01-05,50.0,7.58,0.1791,43.73,0.0437,17.38,44.31,30.26,7.42,0.0393,16.69,793.21,0
2022-01-06,51.27,5.42,0.2748,41.41,0.0414,17.75,43.65,39.61,9.96,0.0044,17.67,925.64,0
2022-01-07,161.88,4.61,0.7092,81.52,0.0815,21.86,44.92,45.8,7.26,0.0166,21.5,1127.65,0
2022-01-08,115.09,7.58,0.3771,84.71,0.0847,21.35,43.32,23.12,5.88,0.0238,20.84,899.16,0
2022-01-09,50.0,10.38,0.0654,47.71,0.0477,12.84,45.19,40.59,7.22,0.0391,12.34,629.66,0
2022-01-10,105.71,7.85,0.1005,98.27,0.0983,28.71,44.96,35.36,8.93,0.0581,27.04,1379.44,0
2022-01-11,50.0,-3.49,0.3789,36.74,0.0367,14.56,45.15,38.73,10.09,0.0007,14.55,775.54,0
2022-01-12,50.0,-1.17,0.4728,33.45,0.0334,9.22,44.48,41.75,8.17,0.0594,8.67,449.4,0
2022-01-13,94.57,1.53,0.2351,79.01,0.079,24.82,48.08,36.82,9.98,0.0167,24.41,1334.42,0
2022-01-14,50.0,4.22,0.3756,36.86,0.0368,18.33,46.36,37.75,5.96,0.0226,17.91,890.85,0
2022-01-15,50.0,6.28,0.1983,43.06,0.0431,13.75,43.76,37.12,7.34,0.0063,13.66,670.65,0
2022-01-16,54.07,1.39,0.3872,39.42,0.0394,12.4,45.23,46.84,7.57,0.0461,11.82,630.0,0
2022-01-17,50.0,5.14,0.0867,46.96,0.047,5.32,44.39,42.68,7.83,0.0182,5.22,269.97,0
2022-01-18,112.29,1.47,0.5008,72.93,0.0729,6.9,43.99,41.34,8.13,0.0097,6.83,350.5,0
2022-01-19,50.0,2.14,0.4745,33.39,0.0334,11.12,43.66,29.65,9.04,0.006,11.06,536.15,0
2022-01-20,50.0,-0.93,0.7272,24.55,0.0245,6.27,45.43,37.03,7.33,0.0271,6.1,306.72,0
2022-01-21,190.5,1.11,0.581,113.03,0.113,28.5,44.32,47.49,8.21,0.0284,27.69,1480.9,0
2022-01-22,92.24,-0.49,0.5619,55.96,0.0559,16.6,45.97,40.85,7.93,0.3,11.62,608.52,0
2022-01-23,113.14,1.12,0.195,97.7,0.0977,26.56,45.99,46.06,6.61,0.0262,25.86,1360.95,0
2022-01-24,50.0,9.36,0.2225,42.21,0.0422,17.24,46.37,55.15,7.83,0.0223,16.86,958.21,0
2022-01-25,83.3,1.46,0.3546,62.62,0.0626,17.65,44.15,49.57,7.78,0.0052,17.56,940.22,0
2022-01-26,126.18,15.91,0.3962,91.18,0.0912,21.33,45.48,42.24,7.75,0.0068,21.19,1107.14,0
2022-01-27,54.11,7.48,0.2957,42.91,0.0429,16.75,45.63,37.64,8.05,0.1688,13.92,713.77,0
2022-01-28,149.44,6.38,0.6635,80.04,0.08,20.92,44.53,21.52,8.11,0.0369,20.14,921.37,0
2022-01-29,94.67,2.33,0.0195,93.37,0.0933,28.3,44.23,40.83,7.35,0.1046,25.34,1281.31,0
2022-01-30,117.09,8.7,0.3276,90.24,0.0902,22.42,46.61,39.8,9.91,0.0021,22.37,1218.72,0
2022-01-31,102.46,3.73,0.1575,91.16,0.0911,21.81,45.23,45.75,6.25,0.0489,20.74,1070.98,0
2022-02-01,253.74,6.66,0.7265,124.7,0.1246,34.7,45.64,41.62,6.92,0.1325,30.1,1545.74,0
2022-02-02,145.91,16.56,0.4733,97.57,0.0975,26.88,44.18,40.51,12.17,0.069,25.03,1382.82,0
2022-02-03,87.46,6.08,0.3639,65.18,0.0652,20.32,43.78,29.05,6.44,0.0268,19.77,905.58,0
2022-02-04,204.54,11.2,0.1946,176.67,0.1766,47.22,44.43,35.98,5.97,0.0018,47.14,2256.2,0
2022-02-05,86.28,3.94,0.4743,57.63,0.0576,6.66,44.88,47.53,9.1,0.0167,6.55,358.68,0
2022-02-06,176.48,6.77,0.1547,157.37,0.1573,41.09,43.94,57.65,4.88,0.0616,38.56,2041.19,0
2022-02-07,50.85,14.14,0.4507,34.8,0.0348,13.54,44.99,43.35,7.65,0.0168,13.31,693.92,0
2022-02-08,93.29,4.71,0.7155,46.56,0.0465,11.31,43.31,46.95,11.22,0.0239,11.04,614.14,0
2022-02-09,189.41,14.62,0.7038,96.09,0.096,25.18,43.88,52.15,5.68,0.0197,24.68,1284.56,0
2022-02-10,226.59,10.37,0.2249,190.92,0.1908,57.41,45.67,38.24,5.03,0.0169,56.43,2735.35,0
2022-02-11,197.32,5.45,0.6825,103.05,0.103,24.76,45.6,47.86,5.75,0.0219,24.22,1260.26,0
2022-02-12,184.91,10.39,0.0746,175.25,0.1751,40.45,44.61,39.19,9.35,0.0385,38.89,2035.41,0
2022-02-13,178.65,11.92,0.3299,137.39,0.1373,36.96,43.98,52.22,9.69,0.1076,32.98,1851.64,0
2022-02-14,112.94,10.69,0.234,94.45,0.0944,23.54,43.97,46.7,7.23,0.0482,22.4,1165.41,0
2022-02-15,163.46,2.09,0.0555,157.11,0.157,38.35,44.63,48.06,9.02,0.0058,38.12,2084.6,0
2022-02-16,184.06,5.64,0.5564,112.37,0.1123,30.01,45.64,39.59,10.09,0.009,29.74,1603.2,0
2022-02-17,280.23,7.73,0.634,155.86,0.1558,45.29,45.93,51.69,10.68,0.1126,40.19,2344.79,0
2022-02-18,242.58,8.6,0.6106,138.9,0.1388,38.13,44.5,62.88,7.63,0.0602,35.83,2065.56,0
2022-02-19,121.4,11.56,0.4627,82.08,0.082,24.09,43.85,38.31,4.55,0.0494,22.9,1070.26,0
2022-02-20,251.89,9.97,0.4568,171.35,0.1712,56.16,45.27,43.82,6.77,0.0836,51.46,2655.71,0
2022-02-21,214.65,4.1,0.7678,99.28,0.0992,25.57,44.18,48.56,7.36,0.0272,24.87,1314.58,0
2022-02-22,202.5,11.14,0.3087,158.75,0.1586,45.02,44.48,53.16,7.61,0.0192,44.15,2415.06,0
2022-02-23,285.23,12.25,0.4754,190.32,0.1902,49.75,46.33,42.54,7.72,0.0119,49.16,2600.99,0
2022-02-24,315.84,12.23,0.2579,258.82,0.2586,66.89,45.83,24.51,9.68,0.03,64.89,3186.59,0
2022-02-25,315.36,14.51,0.6181,178.92,0.1788,46.24,45.16,58.2,9.91,0.0612,43.41,2560.38,0
2022-02-26,214.66,13.71,0.6012,124.32,0.1242,31.77,43.73,53.55,7.74,0.0443,30.36,1652.22,0
2022-02-27,252.04,12.4,0.4506,172.54,0.1724,49.21,45.21,33.67,9.65,0.1036,44.11,2267.05,0
2022-02-28,296.09,10.48,0.4591,200.94,0.2008,66.96,46.06,42.89,8.54,0.0936,60.69,3255.81,0
2022-03-01,340.4,4.31,0.3866,248.27,0.2481,64.64,44.62,60.43,8.1,0.0334,62.48,3590.24,0
2022-03-02,258.81,12.86,0.4607,175.35,0.1752,46.1,46.35,59.59,9.36,0.0494,43.82,2615.54,0
2022-03-03,282.14,12.17,0.0988,262.62,0.2624,71.84,46.29,55.65,8.11,0.0093,71.17,4071.61,0
2022-03-04,232.65,12.62,0.4762,155.1,0.155,44.6,46.66,46.85,11.09,0.0883,40.66,2350.42,0
2022-03-05,233.04,6.63,0.7507,110.58,0.1105,31.7,45.31,49.04,5.84,0.088,28.91,1511.2,0
2022-03-06,359.38,7.61,0.285,287.68,0.2874,85.46,45.59,47.45,7.23,0.0638,80.01,4270.31,0
2022-03-07,397.84,16.35,0.4491,272.76,0.2725,62.81,46.41,57.63,7.81,0.0912,57.08,3287.21,0
2022-03-08,318.01,12.18,0.3481,240.51,0.2403,54.15,45.45,41.71,8.66,0.0199,53.07,2811.79,0
2022-03-09,388.43,15.26,0.2743,313.84,0.3136,83.75,44.5,42.37,9.9,0.002,83.58,4493.16,0
2022-03-10,355.82,12.85,0.5888,209.17,0.209,62.96,44.55,57.0,7.96,0.0184,61.79,3475.81,0
2022-03-11,301.34,13.06,0.2973,238.63,0.2384,57.73,45.24,48.65,5.87,0.0471,55.01,2867.81,0
2022-03-12,367.68,16.9,0.5778,218.96,0.2187,45.12,43.71,60.13,9.26,0.0343,43.57,2522.66,0
2022-03-13,444.23,11.29,0.4253,311.99,0.3117,88.57,44.86,43.81,9.13,0.0608,83.18,4464.86,0
2022-03-14,355.78,13.94,0.1301,323.38,0.3231,90.06,46.1,48.83,5.09,0.0568,84.95,4417.55,0
2022-03-15,457.79,11.91,0.2398,380.96,0.3806,99.21,42.81,41.96,7.99,0.0588,93.38,4720.27,0
2022-03-16,212.73,12.23,0.4272,149.12,0.149,36.04,46.53,49.48,5.61,0.0478,34.32,1819.83,0
2022-03-17,425.23,12.94,0.3351,325.48,0.3251,84.57,46.12,37.66,7.0,0.0435,80.89,4091.78,0
2022-03-18,387.16,15.27,0.3296,297.84,0.2975,82.37,44.54,45.65,6.65,0.1207,72.43,3731.63,0
2022-03-19,370.01,12.67,0.3901,268.97,0.2687,70.76,45.54,38.12,9.21,0.0879,64.53,3390.0,0
2022-03-20,399.48,19.82,0.2583,327.24,0.3269,92.37,45.0,55.22,8.18,0.116,81.65,4592.41,0
2022-03-21,280.75,11.42,0.1925,242.91,0.2426,52.45,46.23,55.45,6.07,0.0382,50.45,2778.2,0
2022-03-22,392.84,14.46,0.4779,261.42,0.2611,67.53,45.98,35.93,9.32,0.073,62.6,3272.97,0
2022-03-23,433.47,13.65,0.0115,429.97,0.4295,112.48,43.6,60.48,5.85,0.066,105.06,5727.06,0
2022-03-24,506.74,21.41,0.3016,399.75,0.3993,108.53,45.59,69.83,8.5,0.027,105.59,6478.58,0
2022-03-25,392.98,16.61,0.4653,265.0,0.2647,70.1,44.79,50.25,6.78,0.0265,68.25,3631.4,0
2022-03-26,381.58,20.16,0.6848,198.67,0.1984,58.56,45.08,44.78,7.45,0.0855,53.55,2808.58,0
2022-03-27,405.98,10.29,0.3461,307.61,0.3073,75.2,44.27,72.53,8.76,0.001,75.12,4620.32,0
2022-03-28,497.0,17.51,0.7525,235.2,0.2349,64.83,46.75,39.41,8.78,0.0431,62.04,3308.34,0
2022-03-29,467.77,20.21,0.1907,405.32,0.4048,114.12,46.04,50.14,10.01,0.0445,109.04,6245.27,0
2022-03-30,422.22,17.18,0.4885,277.83,0.2775,85.59,44.26,51.43,7.88,0.0335,82.73,4490.93,0
2022-03-31,490.75,21.32,0.3578,367.85,0.3674,98.63,43.67,60.76,8.46,0.0093,97.71,5594.3,0
2022-04-01,471.7,15.19,0.1557,420.31,0.4198,117.06,44.61,52.88,7.34,0.003,116.71,6353.42,0
2022-04-02,529.91,23.1,0.5817,314.13,0.3137,77.26,45.43,46.01,8.27,0.0603,72.6,3911.73,0
2022-04-03,435.55,26.86,0.3752,321.16,0.3184,75.59,45.24,42.38,8.66,0.0125,74.65,3959.54,0
2022-04-04,463.88,16.41,0.1527,414.28,0.4138,118.01,46.25,47.25,7.85,0.0341,113.98,6201.2,0
2022-04-05,465.85,16.28,0.5038,301.58,0.3012,82.8,45.79,41.91,5.29,0.0441,79.15,3951.23,0
2022-04-06,407.37,24.08,0.1075,376.71,0.3762,109.35,45.97,50.33,8.5,0.0158,107.63,6003.06,0
2022-04-07,518.74,24.78,0.5527,318.03,0.3176,80.48,45.33,45.41,8.55,0.0101,79.67,4294.05,0
2022-04-08,522.39,16.57,0.2294,438.51,0.4379,123.03,43.61,37.95,6.98,0.0672,114.76,5610.66,0
2022-04-09,512.75,17.17,0.8688,200.92,0.2007,64.52,44.8,59.91,6.07,0.08,59.36,3289.25,0
2022-04-10,504.06,17.92,0.268,409.49,0.4089,114.56,46.06,45.85,10.21,0.0015,114.38,6429.42,0
2022-04-11,438.86,13.87,0.3746,323.79,0.3233,90.3,44.95,39.64,8.74,0.0263,87.93,4580.69,0
2022-04-12,504.16,15.76,0.4788,335.19,0.3347,92.09,45.5,48.4,7.66,0.0839,84.37,4558.19,0
2022-04-13,514.42,15.61,0.2712,416.78,0.4162,106.6,44.68,50.24,6.29,0.0496,101.31,5333.55,0
2022-04-14,492.38,16.75,0.6323,274.45,0.2741,82.14,43.97,35.67,6.77,0.0273,79.9,3854.99,0
2022-04-15,536.34,19.87,0.4238,377.24,0.3767,100.54,44.88,52.23,9.95,0.0332,97.21,5544.44,0
2022-04-16,575.71,21.13,0.0716,546.86,0.5461,152.69,45.31,41.14,8.21,0.0941,138.32,7229.31,0
2022-04-17,670.05,26.58,0.126,610.95,0.6062,158.89,44.34,63.14,7.17,0.1345,137.53,7860.56,0
2022-04-18,572.72,16.57,0.6641,306.48,0.306,78.26,44.76,53.57,8.76,0.0958,70.76,3974.62,0
2022-04-19,583.01,24.68,0.3586,436.68,0.436,127.09,44.06,46.11,6.78,0.0715,118.0,6071.17,0
2022-04-20,568.35,20.07,0.3574,426.18,0.4255,115.29,46.12,43.26,10.25,0.0104,114.09,6333.47,0
2022-04-21,462.91,20.91,0.3525,348.68,0.3482,103.01,44.71,48.3,10.03,0.0116,101.81,5682.35,0
2022-04-22,581.6,23.98,0.1983,500.85,0.5001,137.13,46.45,53.96,7.3,0.049,130.42,7303.8,0
2022-04-23,591.92,16.97,0.3517,446.19,0.4455,113.3,46.53,48.76,7.06,0.0574,106.8,5794.13,0
2022-04-24,741.15,23.16,0.3473,560.96,0.5601,158.48,44.92,47.13,4.07,0.0159,155.96,7744.21,0
2022-04-25,586.8,22.47,0.8477,238.62,0.2382,62.57,43.99,49.23,5.78,0.0619,58.7,3013.6,0
2022-04-26,621.37,23.94,0.4258,436.16,0.4355,123.25,42.91,43.83,5.99,0.0709,114.51,5631.26,0
2022-04-27,606.07,23.29,0.395,438.48,0.4378,120.52,43.53,45.8,8.2,0.018,118.34,6202.7,0
2022-04-28,542.85,32.12,0.3833,397.19,0.3853,98.23,43.63,31.75,7.51,0.0235,95.92,4563.19,0
2022-04-29,686.29,19.91,0.3988,494.7,0.4939,136.64,46.38,56.11,5.98,0.0215,133.71,7391.49,0
2022-04-30,667.52,20.5,0.3524,502.85,0.502,149.04,45.12,50.59,7.58,0.0246,145.37,7898.69,0
2022-05-01,674.48,20.29,0.5418,418.68,0.418,117.41,45.39,41.89,8.76,0.0421,112.47,5971.82,0
2022-05-02,577.01,20.72,0.3376,440.65,0.4399,120.69,42.78,63.14,8.79,0.0029,120.33,6940.67,0
2022-05-03,720.22,20.54,0.6673,383.78,0.3831,110.74,43.8,48.51,5.15,0.0613,103.95,5235.53,0
2022-05-04,556.36,28.0,0.3255,429.59,0.4237,117.58,45.89,39.39,7.81,0.005,116.99,6053.84,0
2022-05-05,680.02,29.08,0.6037,392.67,0.3856,107.09,45.29,54.39,5.92,0.0864,97.84,5277.93,0
2022-05-06,780.51,21.26,0.6361,432.97,0.4322,113.4,44.85,50.58,9.35,0.0813,104.18,5826.15,0
2022-05-07,593.84,20.35,0.2691,482.0,0.4812,133.49,45.56,50.4,9.18,0.0384,128.36,7213.19,0
2022-05-08,623.42,25.71,0.1311,566.2,0.5636,160.17,46.64,43.69,6.65,0.013,158.09,8284.92,0
2022-05-09,667.42,21.75,0.7421,320.7,0.3201,83.86,44.78,50.55,6.85,0.0329,81.1,4327.57,0
2022-05-10,635.2,26.63,0.3308,488.13,0.4841,140.25,45.07,44.69,7.31,0.0634,131.36,6865.16,0
2022-05-11,576.26,25.04,0.4229,405.67,0.4049,110.88,45.19,51.07,4.62,0.0022,110.64,5706.52,0
2022-05-12,677.22,18.3,0.2408,563.06,0.562,150.12,47.39,31.22,8.5,0.1199,132.12,6743.85,0
2022-05-13,613.09,30.68,0.2702,497.11,0.4849,138.35,42.9,42.82,7.59,0.0005,138.27,6978.22,0
2022-05-14,708.89,31.8,0.7016,360.72,0.3503,94.89,45.68,59.9,9.46,0.0556,89.61,5323.25,0
2022-05-15,628.87,22.29,0.6824,328.45,0.3279,93.96,44.89,39.81,6.35,0.1165,83.01,4126.66,0
2022-05-16,780.51,23.31,0.4639,527.04,0.5261,143.21,45.57,40.93,7.07,0.1131,127.0,6508.77,0
2022-05-17,643.91,26.12,0.3532,484.73,0.4817,132.16,44.34,42.0,5.74,0.0005,132.09,6522.63,0
2022-05-18,674.89,26.43,0.5289,425.04,0.4218,118.47,44.95,35.68,6.49,0.0335,114.51,5572.23,0
2022-05-19,746.25,27.83,0.2824,598.73,0.5908,163.93,45.71,27.55,6.23,0.0174,161.07,7488.15,0
2022-05-20,626.72,33.35,0.4411,433.2,0.4179,104.96,48.11,43.18,9.49,0.0192,102.94,5777.43,0
2022-05-21,717.26,24.7,0.2015,616.11,0.6149,163.5,45.81,45.91,6.95,0.0488,155.52,8210.33,0
2022-05-22,784.99,22.32,0.1845,683.6,0.6823,192.27,44.15,44.21,8.19,0.0316,186.2,9748.84,0
2022-05-23,612.97,20.09,0.4728,410.09,0.4093,111.89,44.58,43.27,7.43,0.0073,111.07,5733.0,0
2022-05-24,723.27,22.78,0.4364,502.31,0.5013,135.25,44.55,44.57,6.1,0.0053,134.52,6813.75,0
2022-05-25,730.46,25.66,0.4168,517.36,0.515,134.82,43.2,52.21,7.75,0.0312,130.61,7007.69,0
2022-05-26,764.36,33.06,0.3096,598.73,0.5783,153.63,44.67,42.29,8.9,0.0587,144.61,7643.59,0
2022-05-27,645.73,23.9,0.474,431.49,0.4306,108.31,45.73,39.01,6.19,0.0525,102.63,5121.82,0
2022-05-28,643.11,26.95,0.2765,518.64,0.5136,140.73,43.73,41.14,9.21,0.0675,131.22,6845.34,0
2022-05-29,755.96,26.06,0.0684,719.76,0.7152,193.7,46.05,47.81,6.73,0.0112,191.54,10209.71,0
2022-05-30,744.66,30.96,0.372,550.77,0.5365,142.72,45.49,54.26,7.28,0.0219,139.59,7732.58,0
2022-05-31,743.98,36.39,0.1721,654.37,0.6233,171.06,44.27,37.72,8.8,0.0167,168.2,8594.72,0
2022-06-01,751.75,24.22,0.5581,458.08,0.4571,127.53,44.86,43.31,7.0,0.0686,118.78,6105.38,0
2022-06-02,692.07,24.45,0.7028,351.6,0.3509,106.95,46.6,45.0,8.06,0.0032,106.61,5775.84,0
2022-06-03,748.62,30.65,0.7967,331.13,0.323,81.26,45.73,34.13,7.53,0.078,74.92,3729.32,0
2022-06-04,753.98,29.26,0.3878,549.31,0.5388,153.97,45.01,42.0,8.19,0.0616,144.48,7556.51,0
2022-06-05,695.15,33.98,0.2395,578.63,0.5567,157.95,44.76,29.88,4.43,0.0116,156.12,6982.73,0
2022-06-06,851.47,28.98,0.4175,602.64,0.5918,158.85,45.08,27.22,5.26,0.0833,145.61,6548.98,0
2022-06-07,769.37,25.25,0.3932,557.61,0.5558,153.87,44.49,44.07,8.92,0.0213,150.6,8025.29,0
2022-06-08,670.77,29.1,0.4369,465.63,0.457,123.39,42.9,37.83,9.56,0.0983,111.26,5666.86,0
2022-06-09,782.85,31.21,0.6226,441.69,0.4298,119.12,47.04,42.28,6.63,0.1752,98.24,5133.05,0
2022-06-10,686.08,30.1,0.306,539.15,0.527,152.47,45.16,40.28,7.63,0.0539,144.25,7404.01,0
2022-06-11,792.8,28.88,0.4337,552.11,0.5424,152.17,45.4,32.37,8.44,0.0132,150.16,7497.93,0
2022-06-12,815.99,31.15,0.2076,697.43,0.6788,189.21,44.94,39.58,9.04,0.0184,185.72,9726.46,0
2022-06-13,698.04,31.58,0.365,519.69,0.5049,136.69,44.26,29.83,4.96,0.0727,126.75,5690.14,0
2022-06-14,805.78,32.46,0.8199,343.34,0.3324,83.98,44.81,50.58,6.67,0.0087,83.25,4429.84,0
2022-06-15,773.34,29.55,0.2469,639.71,0.6267,171.29,43.4,28.36,7.5,0.0257,166.89,7741.52,0
2022-06-16,798.39,26.3,0.5762,476.37,0.4728,136.06,47.28,37.39,9.05,0.0099,134.7,7188.54,0
2022-06-17,863.26,27.57,0.3371,659.54,0.6513,171.46,43.77,30.37,11.75,0.0602,161.15,8298.22,0
2022-06-18,735.01,31.82,0.5846,434.23,0.4214,110.61,43.97,43.02,7.66,0.0126,109.22,5607.29,0
2022-06-19,704.69,23.73,0.5795,418.86,0.4179,115.55,44.56,35.55,5.89,0.0543,109.28,5217.65,0
2022-06-20,696.63,28.47,0.2117,593.38,0.5838,155.61,46.29,33.8,8.6,0.03,150.94,7719.81,0
2022-06-21,701.02,25.43,0.5316,440.14,0.4384,116.59,45.01,44.52,9.98,0.0544,110.25,6046.79,0
2022-06-22,745.22,27.11,0.1302,677.31,0.67,182.14,43.76,37.68,8.16,0.0415,174.57,8745.96,0
2022-06-23,770.08,32.1,0.1592,684.25,0.6632,175.56,46.25,41.32,6.64,0.0744,162.49,8354.45,0
2022-06-24,765.87,27.74,0.3939,554.72,0.5473,145.65,45.73,29.08,9.44,0.0552,137.61,6904.31,0
2022-06-25,798.46,27.15,0.6898,412.94,0.4084,115.83,45.54,25.44,9.0,0.0202,113.49,5504.46,0
2022-06-26,749.07,21.5,0.4848,494.85,0.4937,129.22,45.72,37.28,6.46,0.0765,119.33,5924.0,0
2022-06-27,834.85,29.9,0.2271,702.16,0.6867,180.86,47.39,33.61,8.57,0.0246,176.41,9143.8,0
2022-06-28,731.01,29.48,0.0717,694.34,0.6802,183.92,47.19,40.91,9.5,0.0314,178.14,9762.2,0
2022-06-29,909.25,35.52,0.5174,579.93,0.5542,156.06,44.31,35.01,9.77,0.0691,145.27,7451.48,0
2022-06-30,782.62,25.6,0.3817,573.53,0.5707,155.97,46.62,37.03,7.9,0.0233,152.33,7867.27,0
2022-07-01,692.59,27.67,0.4144,491.68,0.4852,131.11,45.38,22.14,7.46,0.0368,126.29,5793.42,0
2022-07-02,678.61,27.75,0.4737,453.57,0.4475,123.27,45.5,49.98,9.84,0.0019,123.04,6974.64,0
2022-07-03,770.55,33.02,0.6083,442.45,0.4272,108.75,43.31,33.3,6.18,0.1166,96.07,4466.24,0
2022-07-04,726.83,26.28,0.3693,538.93,0.5348,149.55,44.83,39.94,8.66,0.0625,140.19,7292.82,0
2022-07-05,781.62,27.73,0.711,392.6,0.3873,108.43,44.19,27.41,5.94,0.0295,105.24,4745.94,0
2022-07-06,765.61,28.99,0.2445,634.58,0.6228,169.24,45.83,36.3,9.6,0.0027,168.79,8872.87,0
2022-07-07,731.18,27.25,0.1054,677.26,0.6694,189.13,46.07,23.16,7.61,0.053,179.1,8383.96,0
2022-07-08,682.98,24.66,0.6447,374.77,0.3738,97.16,42.93,36.94,9.9,0.1289,84.64,4319.3,0
2022-07-09,641.04,27.16,0.1561,570.97,0.5646,160.9,44.98,30.22,8.74,0.0978,145.16,7154.72,0
2022-07-10,703.18,30.61,0.4117,500.53,0.488,134.98,46.12,33.05,6.17,0.0028,134.6,6509.98,0
2022-07-11,779.29,22.14,0.6999,397.48,0.3964,107.34,44.81,38.14,10.14,0.0166,105.55,5588.85,0
2022-07-12,738.6,26.7,0.0999,686.96,0.6805,187.04,45.73,22.44,10.33,0.0104,185.09,9082.54,0
2022-07-13,648.76,23.29,0.5078,418.14,0.417,114.15,45.35,26.57,9.32,0.0419,109.36,5363.23,0
2022-07-14,731.55,30.79,0.1007,680.0,0.6625,188.28,45.34,35.46,6.86,0.0961,170.18,8378.79,0
2022-07-15,741.83,19.83,0.4028,532.64,0.5312,140.7,44.73,48.33,7.54,0.008,139.58,7446.49,0
2022-07-16,663.14,23.6,0.0213,653.25,0.6515,175.35,43.78,30.19,8.22,0.0171,172.34,8259.31,0
2022-07-17,722.77,27.26,0.1575,643.09,0.6356,179.96,43.88,35.77,6.94,0.0237,175.69,8501.82,0
2022-07-18,714.31,31.92,0.2382,595.23,0.5772,155.75,45.71,29.94,10.54,0.0957,140.84,7255.6,0
2022-07-19,639.43,25.3,0.0881,599.98,0.5976,168.85,45.02,46.09,8.22,0.0018,168.55,9027.18,0
2022-07-20,726.56,23.24,0.5272,458.42,0.4572,134.22,44.86,16.33,3.94,0.029,130.33,5245.07,0
2022-07-21,735.75,32.88,0.4579,499.91,0.4828,130.76,44.58,30.82,8.51,0.0798,120.33,5890.91,0
2022-07-22,764.0,19.46,0.6892,395.39,0.3943,111.84,44.69,16.81,7.48,0.0047,111.32,4876.48,0
2022-07-23,759.07,16.35,0.1684,669.59,0.6677,177.86,46.05,9.52,7.89,0.0839,162.93,7002.16,0
2022-07-24,609.91,26.79,0.3269,470.36,0.4657,131.84,44.66,31.71,7.45,0.0102,130.49,6293.03,0
2022-07-25,632.95,22.91,0.1204,579.61,0.578,159.94,43.66,30.21,9.21,0.0028,159.5,7789.3,0
2022-07-26,716.69,20.71,0.2657,583.41,0.5818,162.35,45.74,26.58,9.68,0.0232,158.58,7877.52,0
2022-07-27,713.1,27.51,0.728,349.68,0.3452,91.7,44.8,27.78,8.42,0.0972,82.78,3982.93,0
2022-07-28,709.57,25.53,0.5425,440.12,0.4379,112.13,45.03,53.18,7.49,0.0636,104.99,5771.09,0
2022-07-29,906.14,22.17,0.1497,811.19,0.8089,224.95,46.61,26.1,7.94,0.0641,210.52,10187.74,0
2022-07-30,705.46,19.18,0.0472,682.13,0.6802,176.73,44.98,32.01,8.03,0.0011,176.54,8671.26,0
2022-07-31,735.49,27.66,0.0429,713.39,0.7038,191.95,45.29,22.51,6.8,0.0011,191.75,8676.96,0
2022-08-01,720.67,26.63,0.5475,444.46,0.4403,125.78,43.82,29.84,8.87,0.0187,123.42,5985.59,0
2022-08-02,698.51,23.5,0.2321,585.02,0.5833,161.37,44.78,25.35,8.69,0.0519,153.0,7289.41,0
2022-08-03,636.43,31.14,0.8722,247.85,0.2411,76.03,45.61,23.75,10.31,0.0082,75.41,3722.39,0
2022-08-04,696.73,19.33,0.4227,490.57,0.4891,139.63,43.44,41.37,9.88,0.0107,138.14,7280.72,0
2022-08-05,600.58,17.36,0.2428,498.51,0.497,133.41,45.2,36.02,6.97,0.0475,127.08,6280.22,0
2022-08-06,628.44,20.55,0.1334,569.75,0.5681,156.35,45.1,27.49,9.23,0.0086,155.0,7602.38,0
2022-08-07,609.15,22.99,0.603,352.03,0.351,96.28,45.04,7.75,6.57,0.0132,95.01,3840.84,0
2022-08-08,638.73,23.99,0.27,518.01,0.5165,134.11,46.04,23.09,9.04,0.0016,133.9,6453.37,0
2022-08-09,768.18,21.9,0.478,511.14,0.5096,135.44,45.33,47.39,7.23,0.0151,133.39,7093.27,0
2022-08-10,512.68,24.11,0.3923,371.91,0.3708,99.16,46.48,23.72,6.47,0.0499,94.22,4344.9,0
2022-08-11,661.24,17.54,0.3946,478.6,0.4771,121.03,44.01,34.19,8.42,0.0097,119.87,5931.32,0
2022-08-12,518.59,28.16,0.5767,309.25,0.3044,83.95,45.14,36.71,3.99,0.0682,78.22,3644.78,0
2022-08-13,582.25,21.89,0.1363,526.71,0.5251,143.16,45.08,26.73,5.37,0.0012,142.98,6427.35,0
2022-08-14,671.06,26.52,0.4446,462.23,0.458,117.59,43.93,18.05,7.73,0.1208,103.38,4538.59,0
2022-08-15,604.68,23.26,0.3212,468.71,0.4673,130.52,45.96,5.12,8.12,0.0116,129.01,5396.11,0
2022-08-16,531.19,23.54,0.5642,321.39,0.3204,91.69,47.32,29.89,7.45,0.0852,83.88,4155.29,0
2022-08-17,547.92,23.82,0.6027,316.77,0.3158,87.97,44.98,17.72,5.63,0.0789,81.03,3438.59,0
2022-08-18,626.53,23.16,0.195,541.03,0.5393,146.69,45.51,25.47,6.77,0.0334,141.79,6560.3,0
2022-08-19,536.8,23.76,0.5206,341.16,0.3401,96.48,45.08,13.88,8.59,0.0929,87.52,3878.18,0
2022-08-20,588.42,26.33,0.1546,524.73,0.5203,146.48,44.29,21.59,8.87,0.01,145.01,6721.13,0
2022-08-21,572.93,21.62,0.3469,433.79,0.4324,120.45,43.18,23.81,7.98,0.0083,119.45,5416.4,0
2022-08-22,525.81,23.49,0.3984,379.18,0.378,99.82,44.29,25.53,9.74,0.0252,97.3,4709.39,0
2022-08-23,688.2,20.11,0.572,412.63,0.4113,114.49,43.61,14.3,8.6,0.1405,98.41,4272.03,0
2022-08-24,592.22,26.05,0.5506,363.98,0.3613,105.33,46.7,32.63,6.88,0.0135,103.91,5129.01,0
2022-08-25,427.24,17.39,0.1506,382.21,0.381,101.79,44.88,18.13,7.58,0.0399,97.72,4342.48,0
2022-08-26,554.46,27.12,0.5208,352.33,0.3482,106.25,44.65,9.36,5.9,0.0634,99.51,3976.63,0
2022-08-27,498.05,19.56,0.4036,357.34,0.3562,95.32,45.89,21.73,7.84,0.0465,90.89,4224.59,0
2022-08-28,583.34,13.81,0.7751,266.85,0.266,73.31,43.88,22.74,9.67,0.1619,61.44,2900.12,0
2022-08-29,479.05,19.85,0.2588,392.25,0.391,104.15,44.23,23.61,9.03,0.006,103.53,4873.27,0
2022-08-30,514.08,16.42,0.3033,404.94,0.4036,112.11,45.07,33.08,10.1,0.0485,106.67,5501.64,0
2022-08-31,545.59,22.32,0.8287,229.09,0.2283,54.08,46.03,20.16,7.55,0.0466,51.56,2362.08,0
2022-09-01,561.53,16.15,0.6426,308.93,0.3079,81.94,45.5,20.97,10.02,0.0008,81.88,3943.43,0
2022-09-02,431.83,16.78,0.1402,389.45,0.3882,101.28,45.25,12.97,7.71,0.0024,101.04,4372.61,0
2022-09-03,478.01,10.8,0.3341,366.22,0.365,101.05,45.08,28.24,10.21,0.046,96.4,4842.67,0
2022-09-04,463.79,16.35,0.4902,304.63,0.3036,88.46,45.4,23.04,7.97,0.0236,86.37,4029.97,0
2022-09-05,447.26,8.27,0.5858,263.85,0.263,75.54,45.2,18.09,9.06,0.1408,64.91,2994.18,0
2022-09-06,586.53,11.43,0.2064,501.77,0.5001,125.66,43.97,6.1,10.21,0.0738,116.39,4984.13,0
2022-09-07,499.03,20.6,0.7065,252.24,0.2514,79.34,45.05,32.79,7.71,0.0146,78.18,3837.13,0
2022-09-08,393.18,20.5,0.1075,363.61,0.3624,101.13,43.93,11.31,8.33,0.011,100.02,4247.73,0
2022-09-09,517.99,18.86,0.1759,454.21,0.4526,120.59,45.08,16.31,9.93,0.1368,104.1,4828.25,0
2022-09-10,584.31,13.09,0.6787,306.72,0.3057,84.84,44.52,23.81,7.8,0.0633,79.47,3664.4,0
2022-09-11,512.98,16.56,0.3826,375.58,0.3743,103.81,47.54,11.29,6.02,0.0118,102.58,4378.41,0
2022-09-12,353.9,16.53,0.4101,252.3,0.2514,65.81,44.96,8.83,11.21,0.0211,64.42,2920.31,0
2022-09-13,410.03,11.71,0.5327,257.13,0.2562,71.45,43.6,3.7,7.3,0.0297,69.33,2698.56,0
2022-09-14,509.1,22.15,0.2241,429.23,0.4277,114.59,44.87,26.39,8.24,0.0462,109.29,5197.95,0
2022-09-15,384.63,19.44,0.1191,352.56,0.3513,94.59,45.52,16.19,9.73,0.0228,92.43,4293.8,0
2022-09-16,447.7,14.84,0.4846,295.85,0.2948,77.64,46.67,43.9,7.09,0.0669,72.45,3834.56,0
2022-09-17,461.54,15.62,0.5589,280.98,0.28,69.83,44.41,12.46,6.49,0.0131,68.92,2847.37,0
2022-09-18,353.42,16.14,0.414,251.0,0.2501,69.51,43.42,12.99,8.38,0.0357,67.03,2859.95,0
2022-09-19,399.44,6.94,0.3221,309.39,0.3083,87.7,45.82,15.78,5.31,0.0089,86.92,3661.0,0
2022-09-20,202.51,13.91,0.1678,178.72,0.1781,51.55,43.62,22.2,7.57,0.0449,49.23,2203.78,0
2022-09-21,329.5,11.96,0.3104,257.91,0.257,74.77,44.56,16.45,8.37,0.1355,64.64,2876.22,0
2022-09-22,369.79,10.48,0.8094,160.28,0.1597,45.54,44.74,25.07,7.6,0.0478,43.36,2013.61,0
2022-09-23,304.06,13.15,0.3283,234.18,0.2333,61.5,44.93,12.3,5.68,0.0633,57.61,2352.11,0
2022-09-24,470.86,21.26,0.326,363.4,0.3621,103.77,45.69,9.05,10.39,0.028,100.87,4547.88,0
2022-09-25,281.1,16.43,0.3713,208.04,0.2073,50.21,44.32,5.69,8.16,0.0698,46.71,1909.62,0
2022-09-26,334.52,11.38,0.3087,262.23,0.2613,67.34,44.73,2.26,10.15,0.067,62.83,2647.42,0
2022-09-27,362.78,15.75,0.6835,189.2,0.1885,47.02,44.99,15.89,7.61,0.042,45.04,1975.75,0
2022-09-28,435.45,18.85,0.5623,264.05,0.2631,77.75,45.15,17.61,6.68,0.0878,70.92,3089.77,0
2022-09-29,256.87,16.74,0.2655,209.13,0.2084,62.01,45.1,14.96,8.4,0.0081,61.51,2734.51,0
2022-09-30,406.87,13.08,0.3307,312.68,0.3115,88.1,45.44,29.95,7.68,0.0379,84.76,4108.22,0
2022-10-01,331.78,10.05,0.3586,248.5,0.2476,73.44,45.84,29.82,6.23,0.0433,70.26,3321.13,0
2022-10-02,266.38,15.23,0.3997,191.85,0.1911,48.16,45.39,17.33,10.2,0.2236,37.39,1764.1,0
2022-10-03,347.12,13.81,0.2466,287.2,0.2861,80.43,45.45,5.66,7.07,0.0008,80.36,3261.22,0
2022-10-04,325.49,15.62,0.2621,265.76,0.2648,72.18,43.42,15.49,5.24,0.0713,67.04,2700.14,0
2022-10-05,271.7,14.38,0.6854,141.34,0.1408,42.96,45.05,15.24,9.99,0.1624,35.98,1658.67,0
2022-10-06,306.11,15.84,0.7311,149.46,0.1489,40.37,45.48,14.8,7.24,0.0326,39.05,1699.54,0
2022-10-07,273.03,9.3,0.2689,221.63,0.2208,58.79,45.73,14.5,7.09,0.0222,57.48,2497.66,0
2022-10-08,297.22,16.51,0.3154,231.59,0.2307,66.15,44.31,14.89,5.35,0.0969,59.74,2439.47,0
2022-10-09,324.43,11.84,0.5289,204.31,0.2035,60.35,44.34,17.06,10.61,0.0421,57.81,2703.64,0
2022-10-10,374.2,19.15,0.0993,348.19,0.3468,92.04,44.43,15.11,6.07,0.0317,89.12,3715.99,0
2022-10-11,199.13,7.9,0.6584,107.35,0.1069,29.1,45.54,21.9,8.09,0.0083,28.86,1342.88,0
2022-10-12,395.78,17.41,0.2417,328.83,0.3276,84.79,46.03,23.16,9.37,0.0605,79.65,3866.46,0
2022-10-13,145.12,11.07,0.4981,94.52,0.0941,13.4,44.59,13.05,8.63,0.0004,13.4,586.21,0
2022-10-14,247.62,7.48,0.0832,233.2,0.2323,64.88,45.91,30.56,7.91,0.0104,64.21,3159.85,0
2022-10-15,286.55,7.96,0.5211,182.02,0.1813,52.9,45.12,12.61,5.45,0.043,50.63,2066.51,0
2022-10-16,262.68,8.43,0.5011,170.54,0.1699,48.02,44.88,7.57,6.79,0.0055,47.76,1932.82,0
2022-10-17,203.07,11.23,0.4795,134.91,0.1344,27.21,44.79,23.63,8.28,0.0211,26.63,1244.34,0
2022-10-18,222.61,11.44,0.1928,192.56,0.1918,50.99,45.75,14.12,6.82,0.0286,49.53,2133.66,0
2022-10-19,200.22,6.87,0.2749,161.7,0.1611,33.2,45.33,23.3,8.31,0.119,29.25,1375.32,0
2022-10-20,189.2,8.89,0.4231,133.17,0.1326,43.32,47.28,1.59,9.02,0.0832,39.72,1691.74,0
2022-10-21,270.35,17.38,0.2644,220.31,0.2194,54.91,44.15,32.04,9.44,0.0194,53.85,2690.16,0
2022-10-22,235.67,15.54,0.2222,199.0,0.1982,60.78,45.52,26.37,6.16,0.0577,57.28,2630.93,0
2022-10-23,167.59,10.2,0.6543,90.84,0.0905,29.61,44.47,9.08,11.29,0.0043,29.48,1331.02,0
2022-10-24,258.12,8.44,0.0544,248.3,0.2473,63.5,44.13,9.36,9.15,0.0017,63.39,2716.43,0
2022-10-25,217.62,8.59,0.6981,111.27,0.1108,24.81,44.99,34.67,8.0,0.0222,24.26,1210.26,0
2022-10-26,243.05,10.4,0.1808,212.29,0.2114,59.89,45.14,15.5,9.63,0.0321,57.97,2659.73,0
2022-10-27,227.21,3.69,0.4634,153.5,0.1529,37.82,47.92,14.83,11.55,0.0,37.82,1873.54,0
2022-10-28,134.91,6.59,0.454,92.04,0.0917,25.72,44.82,3.49,5.84,0.048,24.48,936.76,0
2022-10-29,146.32,0.78,0.1927,126.59,0.1261,32.25,43.87,18.93,7.66,0.1312,28.02,1234.42,0
2022-10-30,220.12,8.89,0.2694,178.61,0.1779,40.01,45.27,20.04,4.43,0.0305,38.79,1634.43,0
2022-10-31,207.32,9.73,0.569,124.74,0.1242,23.01,42.93,27.71,8.29,0.0688,21.43,999.54,0
2022-11-01,164.92,5.05,0.3361,126.12,0.1256,35.67,44.91,10.93,8.55,0.0036,35.55,1537.73,0
2022-11-02,168.77,13.13,0.8645,66.64,0.0664,15.44,45.02,10.09,7.94,0.3,10.81,459.2,0
2022-11-03,234.01,1.78,0.235,195.52,0.1947,50.78,45.79,26.0,7.02,0.0583,47.82,2241.29,0
2022-11-04,117.55,0.68,0.235,98.21,0.0978,30.37,45.97,30.59,4.93,0.0817,27.89,1291.03,0
2022-11-05,181.64,7.29,0.169,160.15,0.1595,49.72,44.5,10.11,8.56,0.0191,48.77,2084.44,0
2022-11-06,132.52,10.43,0.2451,109.79,0.1093,28.7,44.85,31.48,10.18,0.0188,28.16,1436.83,0
2022-11-07,127.51,12.84,0.3685,94.62,0.0942,24.21,44.23,23.28,7.11,0.014,23.87,1075.49,0
2022-11-08,202.49,4.13,0.8771,78.17,0.0778,23.91,43.87,31.87,8.66,0.0178,23.48,1148.91,0
2022-11-09,182.16,10.15,0.2483,150.5,0.1499,34.43,45.31,22.73,5.65,0.0112,34.04,1504.08,0
2022-11-10,177.6,5.55,0.0565,170.58,0.1698,47.82,43.73,3.28,8.69,0.0234,46.7,1881.19,0
2022-11-11,203.35,4.88,0.2927,161.68,0.161,47.03,44.59,22.41,7.41,0.0497,44.69,2026.49,0
2022-11-12,122.6,8.98,0.3684,90.98,0.0906,28.31,44.0,32.28,6.86,0.0067,28.12,1331.38,0
2022-11-13,158.65,7.93,0.6877,82.28,0.0819,12.85,45.55,16.82,6.86,0.148,10.94,479.25,0
2022-11-14,95.6,-1.1,0.3959,69.1,0.0688,15.11,46.8,21.04,7.41,0.0043,15.05,699.48,0
2022-11-15,130.23,10.99,0.2858,104.17,0.1037,24.13,43.7,22.92,8.57,0.0869,22.03,1014.37,0
2022-11-16,99.62,10.49,0.2378,83.04,0.0827,23.23,43.15,1.31,6.03,0.0382,22.35,818.53,0
2022-11-17,109.98,2.35,0.5145,70.37,0.0701,21.67,44.88,38.06,7.4,0.1542,18.33,920.85,0
2022-11-18,136.7,6.33,0.3729,101.01,0.1006,35.14,45.02,17.67,7.94,0.0522,33.31,1490.42,0
2022-11-19,50.0,6.62,0.5071,32.25,0.0321,6.36,45.22,29.12,6.35,0.0984,5.73,267.84,0
2022-11-20,220.45,5.58,0.1632,195.26,0.1944,50.97,44.55,24.58,10.69,0.0148,50.22,2473.45,0
2022-11-21,50.0,2.24,0.3138,39.02,0.0388,16.43,44.8,35.53,6.72,0.0925,14.91,726.76,0
2022-11-22,50.0,1.66,0.5604,30.39,0.0303,9.8,45.37,28.92,7.0,0.1701,8.13,385.8,0
2022-11-23,155.94,4.15,0.1109,143.84,0.1432,45.72,46.04,23.99,6.53,0.0225,44.69,2053.83,0
2022-11-24,131.33,8.85,0.1808,114.7,0.1142,32.85,43.04,18.93,10.7,0.036,31.66,1472.6,0
2022-11-25,118.74,6.25,0.3406,90.43,0.09,18.97,44.63,32.67,8.83,0.0506,18.01,898.2,0
2022-11-26,116.55,2.51,0.647,63.77,0.0635,10.79,45.21,11.51,6.6,0.063,10.11,421.62,0
2022-11-27,75.76,7.0,0.7298,37.06,0.0369,2.39,44.08,31.88,9.66,0.0178,2.35,117.46,0
2022-11-28,50.0,-7.56,0.1975,43.09,0.0429,15.11,46.73,18.14,8.3,0.0008,15.09,701.17,0
2022-11-29,76.64,8.35,0.5401,47.67,0.0474,18.99,44.36,37.17,8.39,0.0016,18.96,959.24,0
2022-11-30,50.0,-3.27,0.7198,24.81,0.0247,16.04,44.96,28.66,7.48,0.0005,16.03,762.23,0
2022-12-01,126.58,2.17,0.5512,77.74,0.0774,25.5,45.56,32.75,6.88,0.0929,23.13,1123.78,0
2022-12-02,57.39,-0.92,0.3992,41.35,0.0412,17.13,44.41,28.47,8.51,0.071,15.92,766.2,0
2022-12-03,50.0,-1.68,0.4285,35.0,0.0348,6.68,43.15,14.03,7.18,0.0131,6.59,274.29,0
2022-12-04,50.0,8.08,0.2262,42.08,0.0419,5.74,44.57,21.39,10.73,0.005,5.71,276.0,0
2022-12-05,86.0,1.51,0.2707,69.7,0.0694,23.33,46.03,33.89,6.1,0.0655,21.8,1057.03,0
2022-12-06,50.0,4.72,0.3223,38.72,0.0385,12.69,44.66,30.08,10.3,0.0,12.69,641.8,0
2022-12-07,50.0,3.1,0.3127,39.06,0.0389,11.23,44.15,38.43,7.83,0.0196,11.01,553.31,0
2022-12-08,71.76,5.15,0.2967,56.85,0.0566,17.5,45.93,32.44,8.45,0.0234,17.09,860.07,0
2022-12-09,70.67,3.51,0.1699,62.27,0.062,18.66,44.67,21.72,9.25,0.0202,18.28,859.87,0
2022-12-10,50.0,-1.96,0.7116,25.09,0.025,13.29,44.49,23.33,7.05,0.0028,13.25,598.87,0
2022-12-11,50.0,7.12,0.3639,37.26,0.0371,16.67,45.15,30.76,9.3,0.0466,15.9,796.91,0
2022-12-12,67.03,1.13,0.2974,53.08,0.0528,17.25,45.77,11.67,3.94,0.0542,16.31,643.99,0
2022-12-13,50.0,-3.15,0.13,45.45,0.0452,16.67,47.38,43.81,6.92,0.0771,15.38,818.83,0
2022-12-14,50.0,1.35,0.5065,32.27,0.0321,11.4,45.83,34.21,6.61,0.0192,11.18,547.53,0
2022-12-15,50.0,9.04,0.2318,41.89,0.0417,9.16,46.16,40.74,6.12,0.2137,7.2,364.72,0
2022-12-16,50.0,6.43,0.263,40.8,0.0406,14.95,44.49,18.52,7.68,0.0401,14.35,636.8,0
2022-12-17,69.05,1.62,0.2607,56.45,0.0562,8.48,43.97,41.38,8.58,0.0298,8.22,425.78,0
2022-12-18,138.68,1.61,0.5253,87.69,0.0873,29.27,45.06,49.52,9.05,0.0318,28.34,1571.38,0
2022-12-19,101.49,1.71,0.4476,69.69,0.0694,13.1,45.11,21.36,8.36,0.0076,13.0,602.5,0
2022-12-20,50.0,11.31,0.0797,47.21,0.047,14.35,43.92,38.35,7.0,0.0948,12.99,639.72,0
2022-12-21,50.0,4.53,0.6452,27.42,0.0273,3.28,44.82,32.44,8.55,0.0483,3.12,154.89,0
2022-12-22,50.0,4.73,0.4863,32.98,0.0328,11.79,45.4,20.33,8.19,0.0091,11.68,538.26,0
2022-12-23,50.0,7.14,0.4048,35.83,0.0357,9.64,45.36,36.88,9.4,0.0191,9.45,493.57,0
2022-12-24,50.0,3.99,0.2109,42.62,0.0424,3.69,45.5,39.87,9.17,0.0124,3.64,193.01,0
2022-12-25,70.79,2.01,0.6084,40.64,0.0404,13.23,45.29,28.64,8.05,0.0139,13.04,630.46,0
2022-12-26,50.0,2.28,0.3782,36.76,0.0366,7.17,44.49,43.04,6.65,0.0019,7.16,362.96,0
2022-12-27,83.88,2.81,0.2685,68.12,0.0678,23.05,44.49,20.63,7.02,0.0064,22.9,1015.55,0
2022-12-28,145.49,2.97,0.137,131.54,0.1309,36.0,43.8,22.27,7.18,0.0439,34.42,1532.29,0
2022-12-29,50.0,6.06,0.3486,37.8,0.0376,12.32,46.78,35.58,7.53,0.0156,12.13,617.93,0
2022-12-30,79.54,3.39,0.6738,42.02,0.0418,6.71,45.01,34.94,8.4,0.0473,6.39,322.16,0
2022-12-31,97.95,6.15,0.2896,78.09,0.0777,18.42,44.78,29.27,9.07,0.0553,17.4,856.16,0
2023-01-01,50.0,2.94,0.1154,45.96,0.0457,10.28,44.07,41.73,7.92,0.0156,10.12,519.2,0
2023-01-02,72.51,3.63,0.2856,58.01,0.0577,20.16,47.94,39.76,8.02,0.0005,20.15,1078.09,0
2023-01-03,61.23,-4.63,0.2723,49.56,0.0493,21.95,43.93,42.64,8.21,0.0361,21.16,1094.9,0
2023-01-04,67.85,7.08,0.3888,49.38,0.0491,9.49,44.57,35.05,7.23,0.0204,9.29,454.78,0
2023-01-05,50.0,4.85,0.2107,42.62,0.0424,17.05,45.42,41.11,6.61,0.0192,16.72,848.28,0
2023-01-06,66.79,7.52,0.2452,55.32,0.055,4.29,45.6,32.98,5.37,0.0318,4.15,195.9,0
2023-01-07,97.01,-8.0,0.1234,88.63,0.0882,18.28,45.96,53.23,6.96,0.0263,17.8,980.72,0
2023-01-08,156.11,12.01,0.4677,105.01,0.1045,23.94,46.81,30.56,8.71,0.0025,23.88,1209.11,0
2023-01-09,128.61,3.16,0.2366,107.31,0.1068,22.6,45.51,54.16,6.95,0.0315,21.89,1204.72,0
2023-01-10,202.35,8.23,0.1968,174.47,0.1736,39.82,43.94,37.85,7.64,0.0978,35.92,1787.45,0
2023-01-11,50.0,-0.29,0.604,28.86,0.0287,9.96,44.74,26.82,8.7,0.0809,9.15,440.01,0
2023-01-12,130.0,6.4,0.6725,68.8,0.0684,17.75,45.31,49.02,8.78,0.0077,17.62,972.41,0
2023-01-13,91.06,-0.18,0.4675,61.26,0.0609,18.66,47.07,39.34,6.38,0.0459,17.8,910.04,0
2023-01-14,213.93,1.62,0.7031,108.64,0.1081,33.17,43.6,45.39,9.5,0.0078,32.91,1765.33,0
2023-01-15,50.0,11.86,0.6116,28.59,0.0284,9.15,46.2,48.62,9.69,0.0153,9.01,510.17,0
2023-01-16,50.0,3.53,0.347,37.86,0.0377,13.65,45.18,41.78,6.31,0.0458,13.02,657.09,0
2023-01-17,54.61,5.26,0.1666,48.24,0.048,12.85,45.84,34.59,6.76,0.0448,12.27,604.22,0
2023-01-18,50.0,7.97,0.2808,40.17,0.04,5.05,44.9,47.38,9.79,0.0463,4.82,267.2,0
2023-01-19,64.84,6.57,0.2323,54.3,0.054,20.14,44.16,39.83,7.78,0.0996,18.14,918.43,0
2023-01-20,53.88,5.3,0.5064,34.78,0.0346,6.57,45.75,45.55,4.67,0.0186,6.45,324.69,0
2023-01-21,111.59,6.26,0.3201,86.59,0.0861,19.01,45.65,23.08,5.9,0.0831,17.43,780.42,0
2023-01-22,126.29,14.53,0.0823,119.01,0.1184,31.67,45.97,44.12,7.63,0.0113,31.31,1660.65,0
2023-01-23,221.66,4.8,0.2972,175.55,0.1746,43.46,44.99,35.68,6.26,0.0122,42.93,2079.68,0
2023-01-24,169.51,5.95,0.2049,145.2,0.1444,37.63,44.4,54.25,7.38,0.0152,37.06,2028.38,0
2023-01-25,81.35,9.46,0.3674,60.43,0.0601,18.25,43.44,46.24,8.05,0.0091,18.08,946.35,0
2023-01-26,65.62,9.81,0.59,38.52,0.0383,12.28,45.82,43.41,10.19,0.0214,12.02,664.35,0
2023-01-27,152.68,10.26,0.134,138.36,0.1376,33.36,45.42,45.61,7.56,0.0403,32.01,1698.13,0
2023-01-28,50.0,8.19,0.6599,26.9,0.0268,4.92,44.03,33.97,9.61,0.0183,4.83,244.51,0
2023-01-29,240.59,1.2,0.3901,174.9,0.174,53.21,44.46,55.17,10.14,0.0038,53.01,3064.84,0
2023-01-30,205.36,12.43,0.5103,132.0,0.1313,38.59,44.53,58.34,10.15,0.0124,38.11,2241.76,0
2023-01-31,110.41,1.45,0.2391,91.93,0.0914,35.52,43.52,45.77,8.43,0.0316,34.4,1810.05,0
2023-02-01,50.0,7.39,0.3549,37.58,0.0374,16.18,44.18,55.57,5.06,0.0131,15.97,840.68,0
2023-02-02,227.96,3.3,0.655,123.43,0.1228,39.48,43.87,38.52,8.69,0.0204,38.68,1970.7,0
2023-02-03,144.05,6.2,0.6266,80.87,0.0804,15.18,44.59,36.91,9.57,0.0334,14.67,760.8,0
2023-02-04,229.46,7.92,0.3898,166.85,0.1659,49.45,44.26,43.83,7.88,0.0227,48.33,2513.56,0
2023-02-05,63.87,8.04,0.3104,49.99,0.0497,13.41,43.37,47.19,10.62,0.0102,13.27,731.58,0
2023-02-06,127.98,8.59,0.4392,88.64,0.0882,21.49,47.02,40.77,9.29,0.0174,21.11,1149.34,0
2023-02-07,168.74,13.52,0.425,118.54,0.1179,33.26,46.25,48.43,8.85,0.0012,33.22,1852.29,0
2023-02-08,175.8,9.03,0.7092,88.53,0.088,28.94,44.22,46.78,9.63,0.015,28.5,1556.83,0
2023-02-09,150.59,6.4,0.2299,126.36,0.1257,37.06,45.27,36.55,8.5,0.0007,37.04,1894.52,0
2023-02-10,219.65,11.39,0.2273,184.71,0.1837,46.12,45.42,48.88,4.26,0.0268,44.88,2276.3,0
2023-02-11,122.98,12.46,0.3072,96.54,0.096,30.11,46.19,51.83,7.25,0.1014,27.06,1491.88,0
2023-02-12,183.3,2.95,0.1714,161.32,0.1604,40.93,44.18,46.49,9.8,0.0039,40.77,2228.62,0
2023-02-13,203.94,10.42,0.4754,136.08,0.1353,38.3,46.09,54.53,6.79,0.0345,36.97,2048.81,0
2023-02-14,232.52,11.0,0.0972,216.69,0.2155,57.74,44.45,35.75,7.66,0.0282,56.11,2777.87,0
2023-02-15,249.34,7.18,0.7445,119.41,0.1187,31.56,43.66,49.42,6.43,0.0701,29.35,1520.82,0
2023-02-16,144.22,14.05,0.4547,98.32,0.0978,30.72,45.72,36.49,10.68,0.0419,29.43,1578.26,0
2023-02-17,124.76,8.12,0.5406,77.55,0.0771,16.0,46.29,37.12,10.52,0.1082,14.27,771.65,0
2023-02-18,298.63,9.4,0.078,282.32,0.2807,86.92,47.59,41.16,6.67,0.0071,86.31,4516.69,0
2023-02-19,247.12,8.38,0.525,156.31,0.1554,33.64,43.8,38.84,8.22,0.0081,33.36,1685.92,0
2023-02-20,187.53,9.32,0.4512,128.31,0.1276,32.1,45.7,42.16,6.98,0.0003,32.09,1656.18,0
2023-02-21,330.83,5.05,0.4695,222.1,0.2208,62.58,44.59,44.99,8.92,0.2046,49.77,2669.56,0
2023-02-22,250.06,3.86,0.349,188.96,0.1879,54.59,45.78,53.56,8.76,0.0183,53.59,3048.21,0
2023-02-23,319.29,16.18,0.5433,197.87,0.1967,53.6,43.53,44.45,9.22,0.0168,52.7,2794.41,0
2023-02-24,258.03,6.61,0.2037,221.24,0.22,60.2,43.74,34.49,8.5,0.0174,59.16,2926.01,0
2023-02-25,383.12,6.22,0.4688,257.41,0.2559,72.43,44.22,56.44,12.4,0.0087,71.81,4329.35,0
2023-02-26,370.34,1.76,0.1272,337.36,0.3354,91.08,45.08,40.77,6.46,0.0156,89.66,4504.96,0
2023-02-27,255.66,8.01,0.1435,229.98,0.2287,69.84,44.36,47.14,5.43,0.0014,69.75,3531.21,0
2023-02-28,334.51,5.46,0.7356,162.26,0.1613,48.56,45.66,51.32,7.41,0.0195,47.61,2607.48,0
2023-03-01,320.59,17.52,0.2206,271.08,0.2695,78.48,46.03,49.48,5.65,0.1044,70.29,3704.89,0
2023-03-02,369.67,15.18,0.177,323.87,0.322,83.71,45.6,56.77,5.76,0.0399,80.37,4397.19,0
2023-03-03,235.38,8.59,0.6513,128.07,0.1273,34.62,46.62,51.97,6.5,0.0819,31.78,1739.01,0
2023-03-04,340.19,20.55,0.6543,184.39,0.1833,48.91,45.42,41.37,6.62,0.0219,47.84,2430.99,0
2023-03-05,368.32,15.66,0.2887,293.88,0.2922,75.31,43.78,65.81,6.57,0.0443,71.98,4099.92,0
2023-03-06,205.1,10.64,0.8794,78.85,0.0784,23.36,46.36,50.05,8.78,0.0602,21.95,1234.63,0
2023-03-07,245.47,2.14,0.2564,201.41,0.2002,52.37,44.39,47.43,7.24,0.0992,47.18,2479.01,0
2023-03-08,199.97,21.5,0.6257,112.38,0.1117,34.0,45.91,56.42,7.73,0.0229,33.22,1886.69,0
2023-03-09,312.05,6.98,0.4374,216.52,0.2152,53.84,46.57,50.81,9.34,0.0695,50.1,2864.9,0
2023-03-10,377.17,6.16,0.2813,302.92,0.3011,91.4,45.46,52.11,6.85,0.0043,91.01,4942.01,0
2023-03-11,430.19,17.03,0.5605,261.42,0.2599,66.98,43.5,68.95,7.6,0.0374,64.47,3787.09,0
2023-03-12,350.44,22.91,0.1206,320.85,0.3189,88.8,44.08,46.9,8.55,0.1102,79.01,4225.27,0
2023-03-13,449.67,18.89,0.4072,321.49,0.3196,91.84,46.32,46.64,5.09,0.0359,88.55,4560.72,0
2023-03-14,275.12,15.81,0.324,212.73,0.2115,55.3,44.83,50.2,4.42,0.1005,49.74,2529.9,0
2023-03-15,261.71,16.14,0.5495,161.05,0.1601,48.28,45.08,57.92,8.52,0.0074,47.93,2753.4,0
2023-03-16,366.58,17.38,0.4096,261.47,0.2599,65.33,45.76,37.36,8.74,0.0724,60.6,3149.84,0
2023-03-17,398.96,17.21,0.4756,266.15,0.2645,80.01,45.7,33.76,11.1,0.0158,78.75,4190.36,0
2023-03-18,379.97,15.51,0.536,237.41,0.236,64.97,45.28,44.85,8.24,0.0986,58.56,3126.46,0
2023-03-19,263.91,15.0,0.3258,203.71,0.2025,52.7,44.79,36.54,9.23,0.0665,49.19,2535.73,0
2023-03-20,388.63,14.54,0.4385,269.33,0.2677,72.12,44.69,46.27,7.71,0.0023,71.95,3804.05,0
2023-03-21,321.73,11.98,0.7833,145.33,0.1444,43.77,45.86,53.74,8.45,0.0343,42.27,2395.25,0
2023-03-22,446.21,14.08,0.425,313.47,0.3116,82.76,45.55,42.64,10.5,0.006,82.26,4539.07,0
2023-03-23,434.04,8.64,0.323,335.89,0.3338,88.06,44.74,38.4,4.81,0.0097,87.2,4155.5,0
2023-03-24,361.67,15.23,0.6031,208.98,0.2077,56.01,46.08,50.4,8.62,0.0535,53.02,2968.79,0
2023-03-25,393.25,11.87,0.3226,304.44,0.3026,77.32,44.87,56.78,11.2,0.0859,70.68,4215.86,0
2023-03-26,366.53,11.62,0.7652,170.19,0.1691,55.62,44.15,36.35,8.42,0.1073,49.65,2494.21,0
2023-03-27,432.32,16.96,0.6804,226.42,0.225,59.05,44.24,56.5,10.48,0.0593,55.55,3243.78,0
2023-03-28,499.38,22.01,0.2835,400.27,0.3978,113.55,44.02,56.5,7.06,0.0125,112.13,6147.03,0
2023-03-29,388.9,20.32,0.2967,308.14,0.3062,85.26,44.73,57.61,7.95,0.0355,82.23,4649.82,0
2023-03-30,484.25,10.57,0.5771,288.62,0.2868,73.96,46.23,59.74,8.05,0.0227,72.28,4216.2,0
2023-03-31,428.14,13.1,0.6727,226.52,0.2251,61.88,44.19,67.61,4.67,0.0059,61.51,3438.18,0
2023-04-01,418.31,21.02,0.614,238.53,0.237,69.11,45.19,47.15,6.25,0.0471,65.85,3426.08,0
2023-04-02,465.36,13.53,0.3718,344.24,0.3421,93.13,44.34,50.88,6.35,0.1444,79.69,4196.03,0
2023-04-03,415.56,16.76,0.3961,300.35,0.2985,88.04,44.74,46.66,9.23,0.0367,84.81,4626.36,0
2023-04-04,450.32,20.06,0.349,340.31,0.3382,98.11,43.49,50.0,9.31,0.0502,93.18,5101.63,0
2023-04-05,417.5,14.19,0.3753,307.82,0.3059,88.71,44.78,62.23,8.49,0.0141,87.46,5116.47,0
2023-04-06,613.07,18.68,0.2668,498.58,0.4954,133.95,44.81,39.19,9.24,0.0264,130.41,6827.98,0
2023-04-07,503.08,13.13,0.8084,218.4,0.217,54.28,45.54,43.04,7.75,0.0417,52.02,2733.17,0
2023-04-08,464.74,16.25,0.5245,294.11,0.2923,77.3,45.22,60.92,9.8,0.1196,68.06,4065.47,0
2023-04-09,525.28,20.13,0.5025,340.51,0.3383,94.03,43.8,58.03,8.01,0.0011,93.92,5267.46,0
2023-04-10,511.39,12.68,0.6615,274.59,0.2728,77.76,46.08,46.93,8.09,0.0313,75.33,4099.54,0
2023-04-11,510.53,21.01,0.0983,475.4,0.4724,119.05,45.21,56.62,7.6,0.0088,117.99,6635.48,0
2023-04-12,566.25,19.36,0.5321,355.34,0.3531,97.05,45.2,52.47,9.03,0.0213,94.99,5357.91,0
2023-04-13,580.43,21.84,0.6823,303.2,0.3013,83.64,44.99,61.7,7.37,0.0467,79.73,4574.35,0
2023-04-14,508.69,20.71,0.1594,451.93,0.449,122.1,44.48,50.24,9.46,0.0708,113.45,6316.16,0
2023-04-15,511.47,25.46,0.6617,274.57,0.2723,81.34,45.22,57.79,6.3,0.0204,79.68,4405.46,0
2023-04-16,534.97,20.69,0.5256,338.14,0.336,94.5,45.48,70.66,6.35,0.044,90.34,5364.34,0
2023-04-17,418.76,18.66,0.4135,297.55,0.2956,87.85,43.25,54.24,9.03,0.0815,80.69,4484.51,0
2023-04-18,471.33,21.05,0.3878,343.37,0.3411,92.74,44.46,49.78,7.87,0.0025,92.51,4988.21,0
2023-04-19,649.57,22.92,0.198,559.53,0.5559,157.56,44.75,55.08,7.32,0.0125,155.59,8583.48,0
2023-04-20,671.52,21.12,0.0705,638.39,0.6342,182.59,45.26,46.3,9.34,0.0126,180.3,9899.16,0
2023-04-21,563.09,21.27,0.6204,318.56,0.3165,93.59,46.19,68.25,7.09,0.0462,89.27,5347.24,0
2023-04-22,617.79,18.47,0.1747,542.23,0.5387,142.68,44.23,50.49,7.7,0.0142,140.66,7568.36,0
2023-04-23,606.98,18.8,0.2654,494.22,0.491,133.75,44.5,46.78,10.1,0.0343,129.17,7140.89,0
2023-04-24,778.09,16.02,0.8536,313.16,0.3111,83.83,44.49,42.18,10.31,0.0681,78.12,4226.72,0
2023-04-25,665.52,28.8,0.4544,453.81,0.444,124.54,44.2,57.54,10.36,0.0214,121.88,7137.01,0
2023-04-26,595.61,16.99,0.4743,397.87,0.3953,112.13,44.65,55.6,7.58,0.0313,108.62,6029.77,0
2023-04-27,550.82,19.37,0.3135,429.96,0.4271,113.27,45.77,44.57,9.85,0.0657,105.83,5847.76,0
2023-04-28,516.58,19.43,0.6539,280.11,0.2783,76.86,43.95,53.05,6.58,0.0317,74.43,3963.44,0
2023-04-29,629.92,26.04,0.1244,575.06,0.5689,146.34,45.43,36.25,6.64,0.0243,142.78,7041.33,0
2023-04-30,577.02,21.45,0.543,357.7,0.3553,104.93,43.3,49.68,4.47,0.0414,100.58,4997.71,0
2023-05-01,541.69,27.77,0.1473,485.83,0.4772,128.68,44.44,51.7,10.51,0.0229,125.74,7182.88,0
2023-05-02,592.78,20.25,0.8069,257.97,0.2563,70.75,44.67,61.61,6.7,0.0501,67.21,3794.14,0
2023-05-03,571.16,24.21,0.4991,371.63,0.3692,99.97,46.67,41.65,7.81,0.0644,93.53,4954.75,0
2023-05-04,741.7,19.9,0.1903,642.89,0.6386,181.34,44.73,37.45,6.63,0.096,163.94,8062.25,0
2023-05-05,697.71,31.97,0.3859,509.24,0.4917,121.03,42.8,40.38,9.04,0.018,118.86,6075.22,0
2023-05-06,648.6,18.79,0.5591,394.77,0.3921,107.75,43.0,36.7,7.44,0.0209,105.5,5121.83,0
2023-05-07,742.07,24.92,0.2829,595.12,0.5911,162.03,45.03,57.94,6.04,0.0999,145.84,8013.58,0
2023-05-08,662.04,26.36,0.3065,520.01,0.5137,139.0,45.61,59.49,8.66,0.0062,138.14,8072.63,0
2023-05-09,609.76,25.62,0.648,333.17,0.3301,99.41,45.38,49.5,5.85,0.0053,98.88,5187.57,0
2023-05-10,756.79,23.36,0.3768,557.19,0.5534,147.75,45.17,56.56,6.74,0.0041,147.15,8141.65,0
2023-05-11,701.63,23.71,0.66,377.46,0.3749,106.96,46.16,47.69,4.84,0.108,95.4,4909.56,0
2023-05-12,610.87,24.54,0.4471,419.68,0.4168,116.41,44.46,45.7,5.86,0.0534,110.19,5586.3,0
2023-05-13,665.41,23.9,0.553,407.85,0.4051,117.7,45.89,43.63,8.27,0.0914,106.94,5719.31,0
2023-05-14,627.94,28.47,0.6692,333.78,0.3269,86.56,43.37,43.64,5.05,0.1708,71.78,3481.28,0
2023-05-15,601.07,33.58,0.7161,299.76,0.2875,75.4,44.1,33.56,5.78,0.0244,73.56,3436.03,0
2023-05-16,743.09,22.63,0.1877,645.43,0.641,181.76,43.19,33.52,6.8,0.2432,137.55,6476.83,1
2023-05-17,805.47,19.49,0.546,497.6,0.4942,138.03,44.73,31.68,6.11,0.2636,101.64,4768.78,1
2023-05-18,610.3,24.73,0.7777,278.06,0.2762,68.22,44.95,35.95,9.34,0.3,47.75,2463.68,1
2023-05-19,731.21,35.52,0.6032,422.45,0.4019,107.82,45.11,32.17,9.14,0.2044,85.79,4321.14,1
2023-05-20,661.53,22.09,0.4236,465.35,0.4621,129.02,45.06,30.6,5.69,0.1082,115.06,5340.84,1
2023-05-21,674.38,31.97,0.6581,363.73,0.3512,100.76,44.07,26.5,7.51,0.1909,81.52,3775.31,1
2023-05-22,671.02,32.22,0.8204,285.67,0.2755,72.37,44.81,31.65,7.76,0.1362,62.51,3038.86,1
2023-05-23,657.58,23.39,0.5397,409.14,0.4063,97.16,43.5,35.24,6.04,0.1236,85.15,4007.32,1
2023-05-24,715.1,27.98,0.572,428.75,0.4207,118.31,46.36,24.56,4.89,0.3,82.81,3703.05,1
2023-05-25,665.01,32.31,0.5012,431.72,0.4162,108.35,44.7,31.31,6.78,0.2319,83.22,3949.89,1
2023-05-26,733.68,24.37,0.1261,668.92,0.6642,172.58,44.51,31.98,6.58,0.1619,144.64,6845.8,1
2023-05-27,716.93,25.16,0.5571,437.35,0.434,105.19,46.59,26.5,6.24,0.1989,84.27,3944.51,1
2023-05-28,708.0,23.72,0.1568,630.28,0.6259,176.18,43.76,27.08,7.36,0.1944,141.92,6545.42,1
2023-05-29,670.19,22.07,0.5461,414.01,0.4111,113.69,43.87,31.52,5.84,0.3,79.59,3661.75,1
2023-05-30,692.24,23.61,0.1125,637.73,0.6332,173.01,43.9,23.73,5.33,0.2485,130.02,5614.4,1
2023-05-31,774.27,21.38,0.1762,678.77,0.674,192.29,44.93,31.88,6.94,0.0454,183.55,8802.31,1
2023-06-01,761.01,26.48,0.335,582.55,0.575,161.31,45.43,24.75,7.29,0.0548,152.46,7092.48,1
2023-06-02,674.22,23.33,0.2961,534.49,0.5307,154.03,45.74,35.56,5.3,0.1496,130.99,6285.53,1
2023-06-03,740.64,27.41,0.6306,413.71,0.4068,104.91,47.57,42.54,7.98,0.1855,85.45,4617.91,1
2023-06-04,781.48,20.31,0.4344,543.83,0.54,148.32,42.75,24.47,4.54,0.2585,109.98,4598.06,1
2023-06-05,637.84,27.91,0.2035,546.98,0.5368,139.53,45.61,32.12,6.06,0.2809,100.34,4778.54,1
2023-06-06,772.12,29.97,0.2661,628.32,0.6114,166.99,44.44,24.89,6.47,0.1888,135.46,6102.5,1
2023-06-07,701.18,18.71,0.4368,486.77,0.4833,131.66,44.41,34.63,5.99,0.1805,107.89,5121.3,1
2023-06-08,776.48,28.23,0.3876,565.81,0.5545,155.62,44.38,21.55,6.08,0.2103,122.89,5359.06,1
2023-06-09,697.66,31.69,0.4907,458.02,0.4426,121.93,44.09,31.16,9.19,0.1213,107.15,5292.79,1
2023-06-10,636.27,21.98,0.5522,390.33,0.3875,109.69,46.68,23.41,5.72,0.2575,81.45,3699.06,1
2023-06-11,647.92,33.54,0.6571,349.89,0.3355,95.78,45.84,26.97,9.91,0.1018,86.03,4309.36,1
2023-06-12,749.36,28.56,0.5122,480.71,0.4704,140.15,45.02,22.19,7.36,0.1348,121.26,5520.71,1
2023-06-13,762.86,24.09,0.382,558.88,0.5548,151.0,46.35,32.39,6.92,0.259,111.89,5491.6,1
2023-06-14,693.72,26.71,0.2894,553.17,0.5454,145.28,43.49,22.93,7.41,0.2426,110.04,4921.89,1
2023-06-15,786.89,29.18,0.7637,366.23,0.3575,99.54,43.67,30.53,10.03,0.0771,91.86,4570.55,1
2023-06-16,649.37,27.27,0.4351,451.6,0.4442,118.15,42.82,25.34,5.53,0.3,82.71,3565.64,1
2023-06-17,745.49,29.14,0.4974,485.94,0.4744,137.88,44.3,26.45,5.37,0.3,96.51,4277.24,1
2023-06-18,677.08,23.31,0.3128,528.8,0.5249,142.94,45.16,27.75,5.84,0.2705,104.28,4773.44,1
2023-06-19,710.81,27.67,0.3019,560.58,0.5505,148.57,45.1,22.48,6.84,0.1927,119.94,5415.92,1
2023-06-20,752.84,21.35,0.207,643.77,0.6391,173.38,45.15,27.74,4.6,0.2658,127.3,5668.34,1
2023-06-21,698.35,26.55,0.4006,502.5,0.4957,139.91,43.59,34.96,6.83,0.2473,105.32,5037.02,1
2023-06-22,726.77,23.38,0.2636,592.65,0.5883,160.99,45.8,21.85,8.96,0.3,112.69,5361.64,1
2023-06-23,809.99,24.04,0.2979,641.06,0.6363,171.78,45.24,32.59,6.99,0.1119,152.55,7389.45,1
2023-06-24,714.66,31.92,0.6022,413.39,0.399,118.05,45.73,34.24,6.43,0.2458,89.03,4337.04,1
2023-06-25,798.97,31.33,0.135,723.46,0.6999,188.2,43.11,21.1,6.01,0.0879,171.67,7298.94,1
2023-06-26,680.5,29.38,0.2305,570.69,0.5565,153.23,45.31,17.34,7.95,0.3,107.26,4812.39,1
2023-06-27,779.43,22.55,0.4952,509.24,0.5055,142.26,43.81,27.0,5.75,0.2374,108.49,4829.5,1
2023-06-28,833.38,25.63,0.5058,538.33,0.533,138.41,44.6,22.07,9.15,0.0894,126.04,5923.17,1
2023-06-29,597.74,31.72,0.6888,309.54,0.299,84.62,45.53,35.42,9.27,0.2496,63.5,3287.12,1
2023-06-30,697.27,27.4,0.08,658.23,0.647,172.66,45.09,24.97,7.13,0.2777,124.71,5759.21,1
2023-07-01,778.65,36.07,0.6504,424.17,0.4023,114.76,44.15,20.1,6.79,0.2265,88.77,3880.83,1
2023-07-02,730.68,28.33,0.1903,633.33,0.6202,165.75,45.01,17.99,8.11,0.0647,155.02,6978.02,1
2023-07-03,763.87,27.48,0.3371,583.61,0.5735,161.17,43.47,30.33,8.2,0.3,112.82,5384.19,1
2023-07-04,704.0,25.43,0.1218,644.0,0.6381,181.0,46.15,20.85,5.77,0.1923,146.2,6481.32,1
2023-07-05,743.97,27.15,0.0305,728.07,0.7164,201.31,44.79,24.11,6.13,0.2481,151.36,6768.71,1
2023-07-06,727.87,25.95,0.6632,389.94,0.3855,107.28,46.12,29.04,5.11,0.1619,89.91,4145.54,1
2023-07-07,805.62,29.34,0.2082,688.19,0.6711,183.41,44.47,20.8,7.32,0.0972,165.58,7400.13,1
2023-07-08,749.05,30.27,0.5529,459.12,0.446,119.78,44.48,23.07,7.65,0.2029,95.47,4363.64,1
2023-07-09,752.18,23.24,0.2813,604.07,0.5995,172.21,44.24,23.06,5.08,0.0736,159.54,6853.79,1
2023-07-10,705.25,20.99,0.7027,358.37,0.3556,94.3,45.88,26.8,6.22,0.3,66.01,3061.11,1
2023-07-11,698.65,18.9,0.3127,545.71,0.5416,143.74,44.29,26.1,5.08,0.3,100.62,4418.74,1
2023-07-12,699.8,28.2,0.3493,528.69,0.5179,145.76,45.64,21.38,5.65,0.146,124.49,5479.83,1
2023-07-13,747.17,21.68,0.2341,624.72,0.6199,166.5,44.62,22.79,7.5,0.1453,142.31,6485.46,1
2023-07-14,695.9,17.4,0.1832,606.68,0.602,160.81,43.02,20.18,5.86,0.1004,144.66,6080.6,1
2023-07-15,736.1,27.48,0.6008,426.5,0.419,108.02,44.43,13.81,6.42,0.1649,90.21,3757.99,1
2023-07-16,840.7,35.81,0.3891,611.72,0.5808,157.3,43.82,23.35,4.73,0.1783,129.25,5480.8,1
2023-07-17,765.81,25.73,0.0518,738.06,0.7303,200.41,45.03,32.33,7.04,0.2408,152.14,7342.42,1
2023-07-18,691.26,29.01,0.7236,341.1,0.333,92.8,43.81,16.61,6.74,0.2829,66.55,2821.36,1
2023-07-19,780.08,25.89,0.4629,527.3,0.5214,148.13,45.93,17.06,5.87,0.2996,103.75,4475.19,1
2023-07-20,680.61,25.06,0.2049,583.0,0.5783,161.68,44.91,16.34,6.56,0.224,125.46,5381.92,1
2023-07-21,579.81,29.03,0.1175,532.11,0.5195,141.9,44.82,25.1,7.03,0.2342,108.67,4991.8,1
2023-07-22,638.53,24.09,0.2022,548.13,0.5439,148.57,45.66,23.38,5.76,0.2247,115.19,5153.0,1
2023-07-23,583.59,26.21,0.4358,405.57,0.4005,112.68,45.96,19.81,4.92,0.0769,104.02,4476.57,1
2023-07-24,671.48,26.32,0.6307,375.02,0.3701,108.15,44.98,15.39,9.1,0.0772,99.8,4511.76,1
2023-07-25,690.33,22.24,0.3311,530.31,0.5262,145.33,44.23,20.88,5.99,0.1774,119.54,5166.35,1
2023-07-26,786.37,28.77,0.92,279.94,0.2736,72.89,43.23,11.44,6.68,0.2776,52.65,2125.35,1
2023-07-27,701.88,23.98,0.2966,556.18,0.5518,146.79,44.31,20.84,8.09,0.3,102.75,4660.86,1
2023-07-28,665.52,21.53,0.3739,491.32,0.4875,126.83,44.38,24.76,11.3,0.0836,116.23,5787.45,1
2023-07-29,724.74,26.57,0.16,643.57,0.6345,177.82,45.11,12.71,5.21,0.3,124.47,5053.56,1
2023-07-30,538.54,20.7,0.3618,402.13,0.399,112.61,44.65,10.97,7.37,0.1456,96.2,4033.2,1
2023-07-31,681.5,24.28,0.6112,389.92,0.3868,109.27,45.69,28.24,5.9,0.1531,92.54,4289.37,1
2023-08-01,709.69,24.0,0.7868,318.84,0.3163,86.34,44.39,15.81,6.11,0.3,60.44,2534.14,1
2023-08-02,570.71,28.24,0.5721,342.15,0.335,99.17,44.94,25.44,5.88,0.1836,80.96,3641.08,1
2023-08-03,723.97,25.65,0.081,682.9,0.6757,183.4,46.18,18.06,5.36,0.2066,145.51,6273.37,1
2023-08-04,671.5,23.51,0.1609,595.87,0.5911,167.34,45.34,17.87,6.75,0.2858,119.51,5240.17,1
2023-08-05,622.04,26.74,0.0858,584.68,0.576,158.2,44.94,21.08,4.92,0.3,110.74,4728.91,1
2023-08-06,680.62,28.88,0.2001,585.28,0.5716,154.15,44.4,13.52,8.01,0.0609,144.76,6245.34,1
2023-08-07,774.51,25.4,0.233,648.18,0.642,179.51,44.37,19.07,6.87,0.2636,132.19,5769.76,1
2023-08-08,644.73,23.06,0.2228,544.17,0.5398,150.5,44.15,16.05,7.34,0.3,105.35,4535.98,1
2023-08-09,644.2,17.61,0.5061,415.99,0.4127,115.26,44.46,10.64,6.21,0.262,85.07,3447.0,1
2023-08-10,597.16,18.44,0.1544,532.6,0.5283,145.7,45.76,19.79,6.33,0.0596,137.02,6069.39,1
2023-08-11,569.08,21.32,0.5127,364.85,0.3619,99.34,44.78,16.28,7.17,0.3,69.54,3017.66,1
2023-08-12,665.17,19.95,0.5618,403.6,0.4004,122.04,43.65,16.74,5.32,0.0875,111.36,4553.82,1
2023-08-13,559.2,21.47,0.3139,436.32,0.4328,124.94,46.77,10.71,6.34,0.1281,108.93,4607.1,1
2023-08-14,610.02,22.28,0.6737,322.33,0.3197,91.54,45.32,26.26,5.7,0.1207,80.49,3646.67,1
2023-08-15,572.16,24.0,0.5715,343.28,0.3405,94.2,43.59,22.13,5.66,0.0835,86.33,3696.54,1
2023-08-16,624.6,21.43,0.233,522.74,0.5185,147.62,44.56,22.49,4.11,0.2106,116.53,4899.92,1
2023-08-17,610.85,23.49,0.4558,415.97,0.4126,116.05,45.11,15.25,8.51,0.1582,97.69,4363.12,1
2023-08-18,648.01,21.63,0.298,512.85,0.5087,140.02,46.7,7.16,5.92,0.3,98.01,3995.46,1
2023-08-19,550.02,13.29,0.5677,331.45,0.3287,88.89,43.89,27.65,8.28,0.107,79.37,3754.66,1
2023-08-20,559.24,17.26,0.5311,351.33,0.3485,95.42,45.98,16.25,8.16,0.2216,74.28,3359.14,1
2023-08-21,511.47,20.26,0.482,338.89,0.3361,76.58,46.4,12.29,5.16,0.3,53.61,2215.33,1
2023-08-22,538.25,15.82,0.1265,490.59,0.4866,134.86,44.37,18.7,5.41,0.269,98.58,4148.5,1
2023-08-23,582.21,22.87,0.2526,479.26,0.4753,128.27,44.72,22.79,10.06,0.3,89.79,4328.46,1
2023-08-24,599.6,26.41,0.2326,501.97,0.495,144.1,43.96,16.01,9.03,0.2707,105.1,4688.48,1
2023-08-25,493.42,24.98,0.0716,468.69,0.4648,127.92,44.8,23.19,6.76,0.2421,96.96,4370.43,1
2023-08-26,595.45,19.06,0.1482,533.66,0.5293,139.6,44.96,21.99,7.13,0.1233,122.39,5532.14,1
2023-08-27,619.09,25.69,0.1737,543.83,0.5379,147.66,45.66,9.8,6.0,0.0982,133.16,5445.89,1
2023-08-28,557.0,20.13,0.312,435.35,0.4317,113.5,46.09,11.95,7.35,0.162,95.11,4108.65,1
2023-08-29,639.21,17.99,0.5447,395.49,0.3922,110.22,44.25,20.99,5.89,0.1218,96.8,4177.83,1
2023-08-30,474.54,16.69,0.2559,389.53,0.3863,107.69,43.03,0.34,4.21,0.3,75.38,2595.57,1
2023-08-31,440.61,17.74,0.3446,334.34,0.3316,95.97,44.98,14.6,5.12,0.1001,86.36,3539.19,1
2023-09-01,402.86,17.2,0.2944,319.84,0.3172,83.27,45.29,7.33,6.83,0.2625,61.41,2501.37,1
2023-09-02,593.61,19.24,0.3586,444.62,0.4409,121.42,45.25,12.59,5.36,0.249,91.19,3721.58,1
2023-09-03,537.34,19.01,0.3664,399.52,0.3962,102.13,44.67,13.5,6.71,0.0847,93.48,3929.43,1
2023-09-04,488.95,18.18,0.6517,265.9,0.2637,76.02,45.12,13.09,5.43,0.1921,61.41,2514.49,1
2023-09-05,503.26,19.71,0.3072,395.02,0.3917,110.31,46.52,11.92,5.8,0.1129,97.86,4104.31,1
2023-09-06,413.08,22.53,0.6394,228.2,0.2263,64.71,45.38,8.79,7.89,0.3,45.29,1915.64,1
2023-09-07,621.48,21.36,0.3799,456.19,0.4524,124.4,44.63,27.7,7.12,0.0651,116.3,5427.1,1
2023-09-08,476.59,11.42,0.3528,358.9,0.3559,99.94,44.5,25.25,6.79,0.3,69.96,3184.05,1
2023-09-09,469.48,6.94,0.8128,202.37,0.2007,63.2,44.83,8.22,7.92,0.1955,50.85,2123.84,1
2023-09-10,500.53,20.69,0.6609,268.95,0.2667,71.91,46.64,23.52,7.41,0.3,50.34,2371.7,1
2023-09-11,479.89,11.28,0.0682,456.99,0.4531,125.3,44.82,12.36,8.64,0.3,87.71,3835.22,1
2023-09-12,458.49,15.65,0.4446,315.8,0.3131,80.68,44.98,15.27,6.21,0.096,72.93,3083.57,1
2023-09-13,391.65,11.66,0.1622,347.18,0.3442,90.32,44.52,14.13,6.25,0.2835,64.71,2695.62,1
2023-09-14,461.38,8.93,0.4182,326.31,0.3235,89.46,46.1,10.74,5.14,0.3,62.62,2544.46,1
2023-09-15,540.01,18.09,0.2175,457.8,0.4539,130.34,46.96,19.89,6.25,0.3,91.24,4114.21,1
2023-09-16,501.8,18.76,0.43,350.77,0.3478,94.36,45.45,15.04,8.03,0.2059,74.93,3323.58,1
2023-09-17,510.65,13.21,0.8054,222.75,0.2208,59.55,45.08,11.62,8.46,0.0868,54.38,2365.71,1
2023-09-18,378.36,4.95,0.5118,242.81,0.2407,64.17,45.04,6.95,8.02,0.2477,48.27,2009.83,1
2023-09-19,343.64,12.92,0.2873,274.53,0.2722,72.17,42.62,9.21,4.51,0.2639,53.12,1971.24,1
2023-09-20,389.44,16.46,0.2887,310.74,0.3081,86.19,45.75,4.99,8.18,0.125,75.42,3144.86,1
2023-09-21,394.31,8.77,0.6537,213.88,0.212,50.83,45.13,14.22,4.46,0.0963,45.93,1851.78,1
2023-09-22,450.59,15.22,0.5143,288.38,0.2859,85.03,45.43,7.42,7.95,0.1623,71.22,2989.27,1
2023-09-23,277.38,14.22,0.6844,144.48,0.1432,36.06,44.29,12.61,6.33,0.1164,31.86,1310.07,1
2023-09-24,464.69,16.39,0.5047,300.53,0.2979,85.54,44.62,21.74,7.7,0.1439,73.23,3328.35,1
2023-09-25,357.43,14.34,0.3988,257.65,0.2554,63.89,44.59,20.77,5.1,0.3,44.72,1902.67,1
2023-09-26,335.31,9.77,0.555,205.04,0.2033,59.24,46.02,13.85,8.29,0.1309,51.49,2299.65,1
2023-09-27,294.21,18.24,0.8217,124.98,0.1239,37.43,44.62,13.53,4.93,0.0749,34.63,1392.92,1
2023-09-28,249.68,12.62,0.3908,181.38,0.1798,51.37,47.08,24.54,5.95,0.1372,44.32,2050.45,1
2023-09-29,392.41,12.94,0.2678,318.86,0.3161,81.95,45.43,16.92,5.53,0.2205,63.88,2708.99,1
2023-09-30,341.48,9.11,0.2614,279.0,0.2766,77.3,43.72,12.17,4.56,0.2728,56.22,2182.35,1
2023-10-01,253.77,10.87,0.5153,162.23,0.1608,38.31,44.87,6.01,6.92,0.1229,33.6,1348.55,1
2023-10-02,247.56,8.9,0.3073,194.3,0.1926,51.7,44.35,16.21,9.1,0.3,36.19,1628.94,1
2023-10-03,299.25,11.54,0.3473,226.5,0.2245,66.89,42.81,18.65,10.2,0.246,50.43,2307.86,1
2023-10-04,413.68,18.88,0.6659,220.85,0.2189,64.18,46.6,10.48,6.92,0.2252,49.73,2122.92,1
2023-10-05,292.14,6.35,0.1876,253.78,0.2515,69.25,45.7,15.66,8.22,0.1554,58.49,2626.97,1
2023-10-06,211.73,5.18,0.3839,154.83,0.1535,37.33,45.53,12.01,7.1,0.0355,36.0,1532.69,1
2023-10-07,281.41,17.32,0.663,150.8,0.1495,44.33,45.17,13.03,7.44,0.1311,38.52,1654.8,1
2023-10-08,274.05,10.41,0.4623,185.37,0.1837,50.62,43.62,0.15,6.36,0.0417,48.51,1792.17,1
2023-10-09,122.89,8.37,0.4226,86.54,0.0858,11.99,44.52,12.86,7.05,0.1815,9.81,412.69,1
2023-10-10,275.78,15.01,0.5431,170.93,0.1694,50.5,45.84,19.56,7.49,0.2585,37.45,1701.7,1
2023-10-11,259.54,8.24,0.4194,183.36,0.1817,49.85,43.95,10.63,6.06,0.0496,47.38,1896.01,1
2023-10-12,309.57,17.77,0.333,237.4,0.2353,70.72,42.47,14.49,6.7,0.1231,62.01,2528.66,1
2023-10-13,373.18,12.99,0.0745,353.72,0.3506,90.93,44.77,10.0,6.73,0.1056,81.33,3339.82,1
2023-10-14,324.32,8.14,0.5529,198.79,0.197,38.3,44.86,16.29,7.85,0.3,26.81,1183.3,1
2023-10-15,235.12,18.53,0.1268,214.24,0.2123,59.79,45.14,13.1,5.44,0.2395,45.47,1862.65,1
2023-10-16,179.43,7.29,0.551,110.22,0.1092,31.5,45.73,9.1,6.73,0.3,22.05,914.46,1
2023-10-17,394.83,12.5,0.0717,375.01,0.3717,93.75,45.64,21.87,9.24,0.0898,85.33,4074.07,1
2023-10-18,238.65,10.54,0.2231,201.37,0.1996,49.99,45.26,19.66,8.28,0.3,34.99,1604.83,1
2023-10-19,230.64,14.37,0.4726,154.34,0.153,55.84,46.2,11.13,8.52,0.3,39.09,1727.47,1
2023-10-20,223.12,15.23,0.3496,168.52,0.167,44.4,43.48,17.36,6.83,0.201,35.48,1506.83,1
2023-10-21,231.26,8.94,0.3034,182.16,0.1805,53.3,45.5,17.64,7.21,0.2613,39.37,1746.22,1
2023-10-22,205.58,5.62,0.8317,85.89,0.0851,20.15,45.63,18.29,8.08,0.0942,18.25,830.64,1
2023-10-23,174.75,10.3,0.6012,101.2,0.1003,17.13,43.76,5.27,8.79,0.1746,14.14,579.69,1
2023-10-24,171.33,5.57,0.08,161.74,0.1603,43.22,43.5,20.47,4.31,0.3,30.26,1237.49,1
2023-10-25,197.21,16.17,0.6981,100.84,0.0999,26.15,44.25,11.71,5.12,0.1017,23.49,930.64,1
2023-10-26,161.67,8.49,0.4939,105.77,0.1048,26.82,44.34,12.97,8.47,0.2909,19.02,825.53,1
2023-10-27,146.66,6.32,0.2699,118.95,0.1179,31.84,45.75,29.83,6.45,0.3,22.29,1056.98,1
2023-10-28,191.04,8.36,0.5501,117.47,0.1164,33.33,44.39,16.82,5.94,0.2025,26.58,1118.07,1
2023-10-29,164.63,2.07,0.3703,121.96,0.1208,32.48,44.14,13.05,5.2,0.3,22.74,909.9,1
2023-10-30,265.52,3.41,0.5979,154.39,0.153,35.75,44.39,2.95,6.09,0.116,31.6,1202.46,1
2023-10-31,50.0,11.94,0.1935,43.23,0.0428,14.21,46.12,23.17,5.01,0.1236,12.45,551.02,1
2023-11-01,231.67,4.36,0.2555,190.23,0.1885,42.09,45.01,7.95,9.47,0.207,33.37,1447.07,1
2023-11-02,236.49,2.64,0.1591,210.16,0.2082,47.01,44.82,9.96,6.77,0.2037,37.44,1539.84,1
2023-11-03,50.0,8.83,0.2397,41.61,0.0412,15.03,44.89,13.82,6.73,0.3,10.52,445.09,1
2023-11-04,132.48,11.28,0.2619,108.2,0.1072,32.02,46.29,23.7,7.55,0.1343,27.72,1304.51,1
2023-11-05,126.53,9.26,0.4661,85.25,0.0845,22.94,44.25,20.2,8.03,0.3,16.06,723.62,1
2023-11-06,60.2,10.23,0.2176,51.03,0.0506,6.93,46.32,15.09,8.01,0.1822,5.67,254.68,1
2023-11-07,93.9,3.08,0.3736,69.35,0.0687,15.35,45.21,17.81,8.17,0.0522,14.55,657.23,1
2023-11-08,69.93,0.28,0.6204,39.56,0.0392,9.47,44.84,12.83,6.0,0.2609,7.0,288.48,1
2023-11-09,237.78,11.84,0.5097,152.95,0.1515,33.69,47.5,17.09,6.42,0.2629,24.83,1112.41,1
2023-11-10,184.93,4.41,0.3213,143.33,0.142,35.36,43.94,16.83,7.78,0.252,26.45,1152.86,1
2023-11-11,201.32,4.57,0.025,197.79,0.196,57.15,44.65,21.96,6.13,0.1914,46.21,2031.86,1
2023-11-12,164.64,10.76,0.3881,119.91,0.1188,39.81,43.77,22.07,6.79,0.0536,37.67,1659.55,1
2023-11-13,50.0,7.55,0.3059,39.29,0.0389,8.61,45.95,19.54,7.31,0.226,6.66,302.05,1
2023-11-14,82.74,7.03,0.1678,73.02,0.0723,23.68,46.69,14.87,7.8,0.0885,21.58,969.99,1
2023-11-15,140.14,13.74,0.4112,99.8,0.0989,17.62,46.67,21.18,4.53,0.1865,14.33,624.27,1
2023-11-16,50.0,2.39,0.6156,28.45,0.0282,11.05,46.22,16.64,7.71,0.3,7.73,348.5,1
2023-11-17,146.94,8.57,0.2253,123.76,0.1226,29.7,44.8,11.23,6.5,0.219,23.19,956.33,1
2023-11-18,86.57,4.98,0.5467,53.44,0.0529,16.09,44.63,15.16,7.7,0.1367,13.89,604.34,1
2023-11-19,75.41,5.72,0.3321,57.88,0.0573,14.53,43.33,18.03,7.79,0.2466,10.95,476.43,1
2023-11-20,137.56,10.65,0.4369,95.49,0.0946,32.61,47.04,22.79,8.85,0.3,22.83,1109.78,1
2023-11-21,118.65,6.47,0.6093,68.04,0.0674,14.16,45.47,16.8,8.53,0.2355,10.83,491.55,1
2023-11-22,67.52,6.5,0.0224,66.46,0.0658,21.24,44.51,11.2,8.52,0.1398,18.27,786.28,1
2023-11-23,156.02,8.54,0.1726,137.17,0.1359,35.97,46.33,18.43,8.64,0.1716,29.79,1388.33,1
2023-11-24,50.0,2.7,0.0588,47.94,0.0475,12.27,44.03,18.89,7.17,0.2261,9.49,414.49,1
2023-11-25,118.24,0.72,0.1684,104.3,0.1033,27.49,45.41,19.44,6.84,0.1469,23.45,1042.74,1
2023-11-26,114.43,-0.19,0.4467,78.65,0.0779,17.19,44.83,23.7,7.91,0.1993,13.77,638.85,1
2023-11-27,57.93,-3.96,0.9076,21.12,0.0209,5.68,45.64,24.41,7.73,0.2474,4.28,201.06,1
2023-11-28,93.81,12.06,0.3346,71.84,0.0712,19.26,44.94,15.52,6.41,0.22,15.02,638.57,1
2023-11-29,50.0,-0.66,0.6588,26.94,0.0267,8.54,43.55,15.55,7.32,0.1814,7.0,297.06,1
2023-11-30,125.48,2.8,0.4326,87.48,0.0866,24.25,45.08,13.33,6.76,0.1118,21.54,911.22,1
2023-12-01,56.98,2.51,0.3496,43.04,0.0426,15.71,46.05,23.23,5.71,0.1832,12.83,576.38,1
2023-12-02,50.0,4.79,0.7079,25.22,0.025,11.49,44.97,27.59,8.45,0.3,8.04,387.58,1
2023-12-03,127.39,6.76,0.6465,69.74,0.0691,13.74,45.78,17.87,6.87,0.1227,12.05,533.65,1
2023-12-04,50.0,6.88,0.1787,43.75,0.0433,16.26,43.95,18.44,9.41,0.1734,13.44,614.33,1
2023-12-05,50.0,1.05,0.7106,25.13,0.0249,0.91,44.97,28.17,4.73,0.2672,0.67,29.86,1
2023-12-06,50.0,2.67,0.0087,49.69,0.0492,16.47,44.38,22.95,6.09,0.2678,12.06,531.22,1
2023-12-07,94.76,4.42,0.3166,73.76,0.073,23.19,45.75,22.73,6.84,0.3,16.23,741.45,1
2023-12-08,50.0,2.25,0.389,36.38,0.036,0.35,45.03,13.78,8.25,0.3,0.25,10.82,1
2023-12-09,161.26,9.63,0.3218,124.94,0.1237,34.49,45.69,24.42,7.31,0.3,24.14,1125.5,1
2023-12-10,50.0,5.13,0.3895,36.37,0.036,7.56,46.09,15.58,7.2,0.1095,6.73,297.16,1
2023-12-11,155.75,6.08,0.2486,128.65,0.1274,31.24,45.69,14.61,5.36,0.3,21.87,912.57,1
2023-12-12,65.77,5.76,0.3616,49.12,0.0486,20.13,45.27,19.18,5.32,0.253,15.04,643.22,1
2023-12-13,50.0,7.77,0.6029,28.9,0.0286,4.6,44.0,18.02,7.21,0.1654,3.84,166.75,1
2023-12-14,50.0,3.78,0.4573,33.99,0.0337,5.23,45.0,20.23,5.06,0.1034,4.68,199.7,1
2023-12-15,75.12,-2.15,0.7993,33.09,0.0328,9.39,44.47,13.57,6.12,0.1083,8.37,345.92,1
2023-12-16,50.0,4.62,0.4126,35.56,0.0352,13.11,44.66,27.19,7.44,0.3,9.18,430.03,1
2023-12-17,116.59,0.41,0.3558,87.55,0.0867,23.13,44.63,28.31,5.55,0.2841,16.56,749.82,1
2023-12-18,57.01,0.89,0.8903,21.48,0.0213,11.68,44.02,11.26,8.85,0.2633,8.61,370.39,1
2023-12-19,59.05,5.35,0.6331,32.88,0.0326,11.61,43.04,27.83,8.36,0.0936,10.52,492.84,1
2023-12-20,50.0,7.95,0.5207,31.78,0.0315,0.0,44.33,17.98,4.8,0.2162,0.0,0.0,1
2023-12-21,50.0,3.09,0.0967,46.62,0.0462,10.05,45.19,27.5,5.61,0.101,9.03,410.9,1
2023-12-22,68.73,4.24,0.7446,32.91,0.0326,6.15,43.65,22.5,3.89,0.2037,4.9,201.76,1
2023-12-23,50.0,9.83,0.5852,29.52,0.0292,10.43,45.02,23.22,5.8,0.1647,8.72,385.96,1
2023-12-24,50.0,4.0,0.1946,43.19,0.0428,0.0,46.9,22.2,7.78,0.1807,0.0,0.0,1
2023-12-25,96.02,13.46,0.4822,63.61,0.063,30.06,46.02,30.21,6.27,0.2605,22.23,1057.15,1
2023-12-26,62.28,5.33,0.1915,53.93,0.0534,17.34,46.64,16.66,7.39,0.2106,13.69,616.37,1
2023-12-27,50.0,-3.95,0.6955,25.66,0.0254,7.73,45.39,27.18,4.86,0.1829,6.32,282.88,1
2023-12-28,54.63,6.13,0.6944,28.07,0.0278,13.55,46.17,30.13,7.82,0.0895,12.34,606.7,1
2023-12-29,75.28,4.68,0.6896,38.94,0.0386,22.32,44.28,28.15,6.09,0.1733,18.45,840.2,1
2023-12-30,50.0,8.35,0.2897,39.86,0.0395,15.21,44.36,37.34,6.82,0.2525,11.37,557.67,1
2023-12-31,50.0,5.92,0.6268,28.06,0.0278,12.38,42.26,21.54,6.68,0.1449,10.59,452.43,1
